description,priority,assignee,created_at,due_date,status
Test how functions behave,Medium,Jennifer Downs,2025-04-20T18:26:31,2025-05-15T18:26:31,Done
Add analytics tracking,Medium,Felicia Harris,2025-04-20T07:23:15,2025-05-12T07:23:15,To Do
Refactor legacy code,High,Oscar Vaughn,2025-05-04T13:56:39,2025-05-24T13:56:39,Done
Optimize performance,High,Jessica Garcia,2025-04-23T03:31:06,2025-04-26T03:31:06,Done
Refactor legacy code,Medium,Angela Johnson,2025-04-20T04:07:42,2025-05-20T04:07:42,Done
Write documentation,High,Christopher Wells,2025-04-18T15:50:26,2025-05-10T15:50:26,Done
Fix bugs in module,High,Dr. Erika Gray,2025-05-08T00:32:45,2025-05-26T00:32:45,To Do
Write documentation,Medium,Mr. Michael Mata,2025-04-21T01:58:29,2025-05-10T01:58:29,To Do
Add analytics tracking,Medium,Jessica Garcia,2025-05-11T16:49:28,2025-05-25T16:49:28,In Progress
Implement new feature,Low,Jennifer Downs,2025-04-20T18:47:24,2025-05-14T18:47:24,Done
Add analytics tracking,High,Teresa Waters,2025-05-11T06:16:02,2025-06-07T06:16:02,In Progress
Add analytics tracking,Medium,Carlos Garner,2025-04-19T22:20:11,2025-05-09T22:20:11,Done
Refactor legacy code,High,Sheri Tucker,2025-05-10T19:20:28,2025-05-26T19:20:28,To Do
Implement new feature,Medium,Felicia Harris,2025-05-06T14:15:44,2025-05-15T14:15:44,In Progress
Write documentation,Medium,Nancy Barrett,2025-04-24T14:52:08,2025-05-18T14:52:08,To Do
Implement new feature,High,Susan Watson,2025-05-10T11:11:33,2025-06-07T11:11:33,To Do
Add analytics tracking,Medium,Jane Holt,2025-05-15T09:22:25,2025-06-12T09:22:25,To Do
Write documentation,Medium,Phillip Campbell,2025-05-02T15:09:50,2025-05-16T15:09:50,To Do
Fix bugs in module,High,Christopher Armstrong,2025-04-19T20:06:54,2025-04-24T20:06:54,To Do
Refactor legacy code,Low,Kelly Jones,2025-05-07T03:31:00,2025-05-30T03:31:00,Done
Write documentation,Low,Eugene Bullock DDS,2025-05-13T15:27:38,2025-05-14T15:27:38,Done
Write documentation,Low,Jeremy White,2025-04-29T12:00:08,2025-05-25T12:00:08,To Do
Fix bugs in module,High,Heather Gould,2025-05-13T15:11:47,2025-06-11T15:11:47,Done
Optimize performance,High,Tonya Johnson,2025-04-17T19:11:22,2025-05-13T19:11:22,To Do
Write documentation,Medium,Jesus Hall,2025-05-12T04:22:47,2025-06-07T04:22:47,To Do
Test how functions behave,High,Casey Hatfield,2025-04-21T23:09:17,2025-05-08T23:09:17,In Progress
Improve UI responsiveness,Medium,Carlos Garner,2025-05-03T17:07:21,2025-05-31T17:07:21,Done
Improve UI responsiveness,Low,John Edwards,2025-05-06T06:47:56,2025-05-23T06:47:56,In Progress
Optimize performance,Low,Jane Holt,2025-05-14T07:30:40,2025-05-27T07:30:40,In Progress
Improve UI responsiveness,Low,Kimberly Davis,2025-04-21T22:46:08,2025-04-27T22:46:08,Done
Fix bugs in module,Medium,John Edwards,2025-04-22T16:08:52,2025-05-19T16:08:52,Done
Implement new feature,Medium,Carlos Garner,2025-04-26T19:53:14,2025-05-22T19:53:14,To Do
Implement new feature,High,Brian Thomas,2025-05-10T08:30:01,2025-05-29T08:30:01,To Do
Add analytics tracking,High,Christina Herman,2025-04-23T19:05:13,2025-05-08T19:05:13,Done
Add analytics tracking,Medium,Jessica Garcia,2025-04-19T20:10:20,2025-05-01T20:10:20,Done
Improve UI responsiveness,Medium,Felicia Harris,2025-04-25T10:45:39,2025-05-13T10:45:39,To Do
Test how functions behave,High,Christina Herman,2025-05-10T16:55:53,2025-06-04T16:55:53,Done
Fix bugs in module,Low,David Simmons,2025-05-07T20:17:49,2025-05-13T20:17:49,In Progress
Write documentation,Medium,Christina Herman,2025-05-10T22:08:36,2025-05-11T22:08:36,To Do
Test how functions behave,Medium,Susan Watson,2025-04-20T08:49:38,2025-05-09T08:49:38,To Do
Write documentation,Medium,Jessica Guerrero,2025-04-26T05:13:03,2025-05-01T05:13:03,In Progress
Improve UI responsiveness,High,Kimberly Davis,2025-05-10T00:55:29,2025-06-08T00:55:29,Done
Implement new feature,Medium,Jeremy White,2025-05-10T06:42:14,2025-06-01T06:42:14,Done
Refactor legacy code,High,Eugene Bullock DDS,2025-05-10T11:21:07,2025-06-01T11:21:07,Done
Optimize performance,High,Danielle Richards,2025-04-21T04:26:11,2025-05-20T04:26:11,In Progress
Test how functions behave,Low,Tammy Hines,2025-04-17T02:46:30,2025-04-26T02:46:30,To Do
Test how functions behave,Medium,Brittany Yu,2025-04-23T04:13:26,2025-05-04T04:13:26,In Progress
Fix bugs in module,High,Emily Williams,2025-05-03T19:51:27,2025-05-26T19:51:27,To Do
Write documentation,Medium,Casey Hatfield,2025-04-18T22:59:46,2025-04-19T22:59:46,In Progress
Refactor legacy code,High,Kimberly Davis,2025-05-07T12:39:23,2025-05-23T12:39:23,Done
Add analytics tracking,Low,Nicole Tate,2025-05-01T07:11:17,2025-05-13T07:11:17,To Do
Add analytics tracking,Low,Jennifer Downs,2025-05-15T08:27:40,2025-06-04T08:27:40,Done
Add analytics tracking,Low,Susan Watson,2025-05-05T07:09:53,2025-05-29T07:09:53,In Progress
Fix bugs in module,High,David Simmons,2025-04-24T00:01:27,2025-05-17T00:01:27,Done
Fix bugs in module,High,Christopher Armstrong,2025-04-25T16:56:08,2025-05-24T16:56:08,Done
Fix bugs in module,Medium,Mary Russell,2025-05-06T21:39:25,2025-05-31T21:39:25,In Progress
Implement new feature,Medium,Oscar Vaughn,2025-04-23T02:29:43,2025-05-06T02:29:43,In Progress
Improve UI responsiveness,Low,Jane Holt,2025-05-04T12:41:25,2025-05-17T12:41:25,In Progress
Fix bugs in module,Low,Casey Hatfield,2025-05-14T10:42:48,2025-06-02T10:42:48,In Progress
Implement new feature,Medium,David Simmons,2025-04-23T12:49:57,2025-05-01T12:49:57,Done
Implement new feature,High,Jeremy White,2025-05-13T04:35:13,2025-05-20T04:35:13,To Do
Improve UI responsiveness,High,Christopher Armstrong,2025-05-08T02:27:37,2025-05-23T02:27:37,To Do
Optimize performance,Medium,Susan Watson,2025-05-01T00:05:29,2025-05-08T00:05:29,Done
Test how functions behave,Medium,Dr. Erika Gray,2025-05-08T18:59:36,2025-05-17T18:59:36,Done
Improve UI responsiveness,Low,Brian Thomas,2025-05-08T02:38:54,2025-05-11T02:38:54,Done
Refactor legacy code,Medium,Eugene Bullock DDS,2025-04-19T02:35:26,2025-05-18T02:35:26,Done
Implement new feature,High,Nancy Barrett,2025-04-19T16:14:38,2025-05-11T16:14:38,In Progress
Improve UI responsiveness,Low,Dr. Erika Gray,2025-04-20T06:13:26,2025-05-12T06:13:26,To Do
Fix bugs in module,Medium,Jane Holt,2025-05-11T11:27:32,2025-05-17T11:27:32,In Progress
Improve UI responsiveness,Medium,Jane Holt,2025-04-16T12:36:28,2025-05-14T12:36:28,To Do
Fix bugs in module,High,William Harris,2025-05-15T00:46:17,2025-06-11T00:46:17,In Progress
Improve UI responsiveness,Medium,Kimberly Davis,2025-04-20T12:43:21,2025-05-08T12:43:21,In Progress
Add analytics tracking,Low,Jane Holt,2025-04-16T15:45:16,2025-05-06T15:45:16,In Progress
Fix bugs in module,Medium,Angela Johnson,2025-05-09T14:14:12,2025-06-06T14:14:12,To Do
Improve UI responsiveness,Medium,Sheri Tucker,2025-05-09T03:43:11,2025-05-15T03:43:11,In Progress
Write documentation,High,Tonya Johnson,2025-04-18T08:42:33,2025-04-27T08:42:33,In Progress
Refactor legacy code,Medium,Brittany Yu,2025-04-16T20:16:20,2025-04-21T20:16:20,Done
Add analytics tracking,Low,Brian Thomas,2025-05-01T08:19:18,2025-05-13T08:19:18,In Progress
Add analytics tracking,Low,Christopher Wells,2025-04-29T21:59:37,2025-05-02T21:59:37,To Do
Implement new feature,Low,Christina Herman,2025-04-18T16:19:16,2025-05-01T16:19:16,To Do
Add analytics tracking,Medium,Nicole Tate,2025-05-05T02:05:12,2025-06-04T02:05:12,In Progress
Fix bugs in module,Low,Mary Russell,2025-04-16T18:57:35,2025-04-30T18:57:35,In Progress
Implement new feature,Low,Heather Gould,2025-04-26T20:44:04,2025-05-15T20:44:04,In Progress
Write documentation,Medium,Jessica Guerrero,2025-05-04T23:55:50,2025-05-19T23:55:50,To Do
Add analytics tracking,Low,Holly Klein,2025-04-29T10:49:33,2025-05-12T10:49:33,To Do
Implement new feature,Low,Antonio Sanders,2025-04-27T20:47:01,2025-05-10T20:47:01,To Do
Add analytics tracking,Low,Mason Leonard,2025-05-13T15:58:00,2025-05-28T15:58:00,In Progress
Fix bugs in module,High,Brian Thomas,2025-05-13T16:50:55,2025-05-18T16:50:55,In Progress
Optimize performance,High,Antonio Sanders,2025-05-12T17:41:04,2025-05-24T17:41:04,Done
Add analytics tracking,High,Christina Herman,2025-04-27T23:30:23,2025-05-22T23:30:23,In Progress
Write documentation,High,Jessica Garcia,2025-05-12T05:55:56,2025-05-22T05:55:56,In Progress
Add analytics tracking,High,William Harris,2025-05-09T08:44:43,2025-05-24T08:44:43,In Progress
Write documentation,High,David Simmons,2025-05-05T09:55:10,2025-05-28T09:55:10,Done
Add analytics tracking,Low,Carlos Garner,2025-05-01T14:33:59,2025-05-07T14:33:59,In Progress
Write documentation,High,Jonathan Acosta,2025-05-15T12:02:53,2025-06-14T12:02:53,Done
Refactor legacy code,High,Susan Watson,2025-04-27T05:00:15,2025-05-15T05:00:15,To Do
Fix bugs in module,Low,Nancy Barrett,2025-04-20T14:46:14,2025-05-10T14:46:14,To Do
Add analytics tracking,High,Amy Gillespie,2025-04-29T19:06:07,2025-05-23T19:06:07,To Do
Fix bugs in module,Medium,Mason Leonard,2025-05-03T01:11:38,2025-05-23T01:11:38,Done
Optimize performance,High,Jesus Hall,2025-04-18T14:46:25,2025-05-02T14:46:25,To Do
Fix bugs in module,High,Daniel Nguyen,2025-04-24T14:31:18,2025-05-22T14:31:18,To Do
Write documentation,High,Jonathan Acosta,2025-04-24T02:04:36,2025-05-01T02:04:36,To Do
Write documentation,Medium,Jane Holt,2025-04-20T08:39:57,2025-04-29T08:39:57,In Progress
Fix bugs in module,Low,Jesus Hall,2025-05-09T10:02:47,2025-05-23T10:02:47,Done
Write documentation,High,Mary Russell,2025-04-23T20:01:40,2025-05-19T20:01:40,In Progress
Improve UI responsiveness,High,Jessica Guerrero,2025-05-05T11:45:31,2025-05-12T11:45:31,In Progress
Improve UI responsiveness,Medium,Danielle Richards,2025-04-15T19:55:25,2025-05-06T19:55:25,To Do
Refactor legacy code,Medium,Brian Thomas,2025-05-12T19:45:12,2025-05-31T19:45:12,To Do
Add analytics tracking,High,Brian Thomas,2025-04-22T22:36:33,2025-04-26T22:36:33,To Do
Implement new feature,Low,Danielle Richards,2025-05-11T11:32:54,2025-05-27T11:32:54,In Progress
Add analytics tracking,Low,Emily Williams,2025-04-24T10:30:15,2025-05-21T10:30:15,To Do
Optimize performance,High,Phillip Campbell,2025-04-16T08:15:00,2025-05-05T08:15:00,Done
Implement new feature,Medium,Tonya Johnson,2025-05-04T10:36:25,2025-05-19T10:36:25,Done
Optimize performance,Low,Christopher Wells,2025-05-07T21:43:11,2025-05-13T21:43:11,Done
Fix bugs in module,Low,Amy Gillespie,2025-04-21T19:26:09,2025-05-13T19:26:09,Done
Optimize performance,Medium,David Simmons,2025-04-26T14:14:26,2025-05-11T14:14:26,Done
Write documentation,High,Antonio Sanders,2025-05-15T02:01:03,2025-05-18T02:01:03,Done
Implement new feature,High,Felicia Harris,2025-04-16T06:09:04,2025-04-25T06:09:04,To Do
Refactor legacy code,Medium,David Parsons,2025-05-14T07:31:15,2025-05-15T07:31:15,In Progress
Implement new feature,Medium,Teresa Waters,2025-05-12T18:27:35,2025-05-13T18:27:35,To Do
Fix bugs in module,High,William Harris,2025-05-04T03:14:44,2025-05-26T03:14:44,Done
Implement new feature,High,Mr. Michael Mata,2025-04-26T12:15:17,2025-05-03T12:15:17,In Progress
Fix bugs in module,High,Angela Johnson,2025-05-09T08:07:22,2025-06-07T08:07:22,Done
Fix bugs in module,High,Jonathan Acosta,2025-05-02T11:13:39,2025-05-12T11:13:39,In Progress
Optimize performance,Low,Teresa Waters,2025-04-20T01:12:17,2025-05-14T01:12:17,Done
Implement new feature,Low,Susan Watson,2025-04-29T22:58:26,2025-05-02T22:58:26,Done
Fix bugs in module,Low,Larry Parker,2025-05-02T00:53:01,2025-05-26T00:53:01,In Progress
Refactor legacy code,Low,Larry Parker,2025-05-07T23:55:07,2025-05-29T23:55:07,To Do
Fix bugs in module,Low,Christopher Armstrong,2025-04-20T04:40:53,2025-05-15T04:40:53,To Do
Optimize performance,Medium,Emily Williams,2025-04-24T04:20:27,2025-04-27T04:20:27,In Progress
Write documentation,Low,Eugene Bullock DDS,2025-04-16T10:12:19,2025-05-06T10:12:19,To Do
Implement new feature,High,Phillip Campbell,2025-05-10T13:38:18,2025-06-09T13:38:18,In Progress
Test how functions behave,High,Teresa Waters,2025-05-12T16:52:00,2025-06-03T16:52:00,To Do
Implement new feature,High,Holly Klein,2025-05-05T18:45:37,2025-06-04T18:45:37,Done
Test how functions behave,High,Jeremy White,2025-04-26T16:43:04,2025-05-07T16:43:04,To Do
Fix bugs in module,Medium,David Parsons,2025-05-05T04:58:53,2025-06-01T04:58:53,Done
Add analytics tracking,Low,Casey Hatfield,2025-04-28T22:00:34,2025-05-21T22:00:34,Done
Implement new feature,Medium,Kelly Jones,2025-05-15T14:41:01,2025-05-31T14:41:01,To Do
Fix bugs in module,Medium,Jennifer Downs,2025-04-18T05:18:53,2025-05-04T05:18:53,To Do
Improve UI responsiveness,Low,Kelly Jones,2025-05-09T15:24:50,2025-05-13T15:24:50,Done
Fix bugs in module,High,Casey Hatfield,2025-04-15T22:45:17,2025-05-01T22:45:17,Done
Fix bugs in module,High,Angela Johnson,2025-04-27T09:41:49,2025-05-03T09:41:49,To Do
Add analytics tracking,Medium,Larry Parker,2025-04-26T00:33:06,2025-05-13T00:33:06,Done
Refactor legacy code,Low,Judith Burns,2025-04-21T04:20:53,2025-05-20T04:20:53,In Progress
Fix bugs in module,High,Susan Watson,2025-05-05T14:36:46,2025-05-20T14:36:46,In Progress
Implement new feature,High,Christina Herman,2025-05-07T15:59:03,2025-05-21T15:59:03,To Do
Refactor legacy code,High,John Edwards,2025-04-15T18:35:53,2025-05-09T18:35:53,In Progress
Add analytics tracking,Low,Antonio Sanders,2025-05-14T09:12:13,2025-05-17T09:12:13,Done
Optimize performance,Medium,Brian Thomas,2025-04-16T04:35:56,2025-05-16T04:35:56,To Do
Fix bugs in module,Low,Christina Herman,2025-05-03T14:47:42,2025-05-19T14:47:42,In Progress
Test how functions behave,Medium,Nancy Barrett,2025-05-13T14:05:13,2025-05-28T14:05:13,Done
Implement new feature,High,Christopher Wells,2025-04-23T14:29:41,2025-04-29T14:29:41,Done
Implement new feature,High,Dr. Erika Gray,2025-05-11T08:15:08,2025-05-29T08:15:08,To Do
Fix bugs in module,Low,Heather Gould,2025-04-28T23:08:20,2025-05-09T23:08:20,Done
Test how functions behave,High,Tammy Hines,2025-04-21T14:28:22,2025-04-22T14:28:22,In Progress
Test how functions behave,Medium,Oscar Vaughn,2025-04-25T09:32:22,2025-05-15T09:32:22,To Do
Write documentation,Low,Sheri Tucker,2025-05-15T11:14:59,2025-05-18T11:14:59,Done
Refactor legacy code,Low,Judith Burns,2025-05-13T04:32:38,2025-06-03T04:32:38,In Progress
Fix bugs in module,Medium,Oscar Vaughn,2025-04-28T10:29:18,2025-04-29T10:29:18,Done
Test how functions behave,Medium,Brittany Yu,2025-04-20T14:13:43,2025-05-06T14:13:43,In Progress
Add analytics tracking,Medium,Christina Herman,2025-05-03T02:10:13,2025-05-07T02:10:13,To Do
Write documentation,High,Teresa Waters,2025-05-08T10:43:37,2025-05-28T10:43:37,In Progress
Implement new feature,Medium,Susan Watson,2025-04-16T08:40:08,2025-05-15T08:40:08,In Progress
Test how functions behave,Medium,Jesus Hall,2025-04-24T07:23:39,2025-05-02T07:23:39,To Do
Add analytics tracking,Low,Christopher Armstrong,2025-04-25T08:12:18,2025-05-06T08:12:18,Done
Refactor legacy code,High,William Harris,2025-05-15T08:19:08,2025-05-25T08:19:08,Done
Add analytics tracking,High,Mr. Michael Mata,2025-05-02T04:31:49,2025-05-06T04:31:49,In Progress
Test how functions behave,Medium,Danielle Richards,2025-05-06T02:34:14,2025-06-05T02:34:14,To Do
Write documentation,Medium,Oscar Vaughn,2025-04-21T17:21:27,2025-05-16T17:21:27,In Progress
Test how functions behave,Medium,Jennifer Downs,2025-04-17T06:34:58,2025-04-25T06:34:58,To Do
Test how functions behave,Medium,Christopher Wells,2025-05-14T01:28:46,2025-06-11T01:28:46,To Do
Implement new feature,High,Jeremy White,2025-04-28T13:50:57,2025-05-18T13:50:57,Done
Improve UI responsiveness,High,Tonya Johnson,2025-05-05T23:17:23,2025-05-27T23:17:23,In Progress
Fix bugs in module,Low,Kelly Jones,2025-04-29T06:53:01,2025-05-13T06:53:01,Done
Refactor legacy code,High,Tonya Johnson,2025-05-04T21:31:40,2025-05-08T21:31:40,In Progress
Fix bugs in module,High,Daniel Nguyen,2025-05-09T22:59:13,2025-05-27T22:59:13,To Do
Improve UI responsiveness,High,Nicole Tate,2025-04-25T09:33:59,2025-05-21T09:33:59,To Do
Implement new feature,High,Brittany Yu,2025-04-19T01:49:14,2025-05-04T01:49:14,To Do
Write documentation,Medium,Sheri Tucker,2025-05-10T23:00:31,2025-05-17T23:00:31,In Progress
Optimize performance,High,Christina Herman,2025-05-11T11:33:21,2025-05-27T11:33:21,To Do
Improve UI responsiveness,Medium,Felicia Harris,2025-05-01T18:54:16,2025-05-26T18:54:16,Done
Test how functions behave,Low,Nancy Barrett,2025-04-19T11:22:58,2025-05-14T11:22:58,To Do
Add analytics tracking,High,Jesus Hall,2025-05-15T08:00:18,2025-05-25T08:00:18,In Progress
Write documentation,Low,Brittany Yu,2025-04-27T16:33:02,2025-05-18T16:33:02,To Do
Implement new feature,High,Susan Watson,2025-05-06T16:36:30,2025-05-30T16:36:30,In Progress
Implement new feature,High,Brian Thomas,2025-04-30T03:34:41,2025-05-01T03:34:41,In Progress
Test how functions behave,High,Daniel Nguyen,2025-04-29T13:09:20,2025-05-17T13:09:20,To Do
Fix bugs in module,High,Dr. Erika Gray,2025-05-14T15:15:43,2025-06-07T15:15:43,Done
Improve UI responsiveness,High,Amy Gillespie,2025-05-01T11:56:06,2025-05-16T11:56:06,Done
Improve UI responsiveness,Low,Larry Parker,2025-04-20T21:57:15,2025-05-04T21:57:15,Done
Add analytics tracking,Medium,Brian Thomas,2025-05-14T05:39:51,2025-05-23T05:39:51,In Progress
Test how functions behave,Medium,Kimberly Davis,2025-04-17T22:08:41,2025-04-23T22:08:41,To Do
Write documentation,Medium,Brian Thomas,2025-04-26T01:53:24,2025-05-03T01:53:24,In Progress
Improve UI responsiveness,Medium,Nicole Tate,2025-04-23T12:45:08,2025-05-14T12:45:08,Done
Improve UI responsiveness,High,Carlos Garner,2025-05-14T16:39:20,2025-05-25T16:39:20,Done
Implement new feature,High,Jane Holt,2025-05-04T17:49:42,2025-05-30T17:49:42,To Do
Implement new feature,Low,Oscar Vaughn,2025-05-03T20:44:09,2025-05-17T20:44:09,Done
Optimize performance,Low,Jessica Guerrero,2025-04-30T20:26:49,2025-05-12T20:26:49,To Do
Write documentation,High,Danielle Richards,2025-05-01T17:04:33,2025-05-23T17:04:33,To Do
Test how functions behave,High,Jonathan Acosta,2025-04-30T05:05:41,2025-05-09T05:05:41,In Progress
Fix bugs in module,High,Daniel Nguyen,2025-05-08T17:33:07,2025-05-25T17:33:07,To Do
Refactor legacy code,High,Teresa Waters,2025-04-30T07:46:00,2025-05-28T07:46:00,Done
Add analytics tracking,Medium,Susan Watson,2025-05-07T18:30:08,2025-05-10T18:30:08,To Do
Write documentation,High,Jesus Hall,2025-05-14T07:57:36,2025-06-06T07:57:36,In Progress
Test how functions behave,Low,William Harris,2025-04-16T17:56:32,2025-04-20T17:56:32,In Progress
Improve UI responsiveness,Medium,Nicole Tate,2025-05-14T11:21:30,2025-05-20T11:21:30,Done
Fix bugs in module,High,Jennifer Downs,2025-05-08T18:32:31,2025-06-05T18:32:31,To Do
Write documentation,Medium,Heather Gould,2025-05-04T22:53:15,2025-05-23T22:53:15,Done
Implement new feature,Medium,Holly Klein,2025-05-10T04:55:03,2025-06-03T04:55:03,To Do
Optimize performance,High,Ryan Walton,2025-05-04T21:06:54,2025-05-16T21:06:54,To Do
Optimize performance,Low,Tonya Johnson,2025-04-25T16:12:45,2025-05-14T16:12:45,In Progress
Write documentation,Low,Ronnie Hampton,2025-05-06T15:30:11,2025-05-09T15:30:11,Done
Optimize performance,High,Mary Russell,2025-04-28T23:35:32,2025-05-03T23:35:32,In Progress
Refactor legacy code,Medium,Heather Gould,2025-05-01T21:28:21,2025-05-30T21:28:21,To Do
Implement new feature,Medium,Nicole Tate,2025-04-29T19:01:42,2025-05-27T19:01:42,Done
Refactor legacy code,High,John Edwards,2025-05-01T07:49:51,2025-05-13T07:49:51,In Progress
Improve UI responsiveness,High,Jennifer Downs,2025-04-28T06:42:25,2025-05-14T06:42:25,To Do
Fix bugs in module,Low,Teresa Waters,2025-04-23T03:59:32,2025-05-14T03:59:32,In Progress
Fix bugs in module,Low,John Edwards,2025-04-17T01:42:27,2025-05-03T01:42:27,Done
Add analytics tracking,Medium,Jesus Hall,2025-05-12T17:34:03,2025-05-30T17:34:03,To Do
Improve UI responsiveness,Medium,Brittany Yu,2025-05-12T18:29:26,2025-06-10T18:29:26,Done
Improve UI responsiveness,High,Judith Burns,2025-04-20T10:41:48,2025-04-24T10:41:48,To Do
Test how functions behave,Medium,Teresa Waters,2025-04-16T13:08:08,2025-04-21T13:08:08,To Do
Test how functions behave,Low,Kelly Jones,2025-04-26T09:41:40,2025-05-19T09:41:40,In Progress
Refactor legacy code,High,Jessica Garcia,2025-05-03T21:49:23,2025-05-19T21:49:23,To Do
Add analytics tracking,High,Casey Hatfield,2025-04-22T09:00:41,2025-04-26T09:00:41,To Do
Write documentation,High,Jessica Garcia,2025-05-03T01:34:39,2025-05-08T01:34:39,Done
Implement new feature,Medium,Christopher Armstrong,2025-04-28T03:06:14,2025-05-11T03:06:14,In Progress
Write documentation,High,Judith Burns,2025-04-19T13:58:33,2025-05-18T13:58:33,In Progress
Add analytics tracking,Low,Ronnie Hampton,2025-05-15T14:09:48,2025-05-30T14:09:48,To Do
Refactor legacy code,Low,Jonathan Acosta,2025-04-27T18:50:08,2025-05-10T18:50:08,In Progress
Add analytics tracking,Low,Jane Holt,2025-05-08T08:48:04,2025-05-18T08:48:04,Done
Implement new feature,Low,Teresa Waters,2025-04-22T04:28:18,2025-05-17T04:28:18,To Do
Implement new feature,Low,Holly Klein,2025-05-04T13:04:10,2025-05-12T13:04:10,Done
Add analytics tracking,High,Larry Parker,2025-05-07T05:48:06,2025-05-23T05:48:06,Done
Implement new feature,High,Nancy Barrett,2025-04-19T22:11:01,2025-05-03T22:11:01,Done
Write documentation,High,Danielle Richards,2025-04-29T17:08:16,2025-05-16T17:08:16,To Do
Implement new feature,Medium,Emily Williams,2025-05-12T11:02:55,2025-05-14T11:02:55,In Progress
Implement new feature,Low,Jane Holt,2025-04-18T11:05:54,2025-05-11T11:05:54,In Progress
Add analytics tracking,Medium,Christina Herman,2025-05-14T22:50:35,2025-06-05T22:50:35,Done
Refactor legacy code,Low,Daniel Nguyen,2025-04-17T12:50:04,2025-04-30T12:50:04,Done
Add analytics tracking,High,Tammy Hines,2025-04-24T01:30:12,2025-05-10T01:30:12,In Progress
Test how functions behave,Medium,Heather Gould,2025-04-28T18:26:51,2025-05-09T18:26:51,In Progress
Improve UI responsiveness,Low,Nancy Barrett,2025-04-28T21:03:31,2025-05-10T21:03:31,Done
Fix bugs in module,Medium,Judith Burns,2025-05-14T21:10:21,2025-06-01T21:10:21,In Progress
Refactor legacy code,Medium,Mason Leonard,2025-05-10T03:58:25,2025-05-25T03:58:25,To Do
Implement new feature,High,Mr. Michael Mata,2025-05-13T09:11:05,2025-05-14T09:11:05,In Progress
Add analytics tracking,Low,Kimberly Davis,2025-05-14T19:48:45,2025-06-08T19:48:45,In Progress
Improve UI responsiveness,Medium,Casey Hatfield,2025-05-08T04:13:16,2025-05-26T04:13:16,In Progress
Implement new feature,High,Daniel Nguyen,2025-05-08T19:17:57,2025-05-29T19:17:57,To Do
Add analytics tracking,High,Dr. Erika Gray,2025-05-11T21:47:37,2025-06-02T21:47:37,In Progress
Optimize performance,High,Ronnie Hampton,2025-04-17T08:46:30,2025-04-21T08:46:30,Done
Implement new feature,Low,Erica Scott,2025-05-08T21:01:10,2025-05-27T21:01:10,To Do
Fix bugs in module,Low,Susan Watson,2025-04-26T04:22:50,2025-04-29T04:22:50,In Progress
Implement new feature,High,Carlos Garner,2025-04-24T07:04:20,2025-05-11T07:04:20,Done
Refactor legacy code,Medium,Jane Holt,2025-05-01T17:31:21,2025-05-29T17:31:21,Done
Optimize performance,Medium,David Parsons,2025-05-03T23:30:23,2025-05-26T23:30:23,To Do
Add analytics tracking,Low,Jesus Hall,2025-04-30T05:57:51,2025-05-11T05:57:51,Done
Add analytics tracking,High,Craig Jensen,2025-04-21T23:10:05,2025-05-03T23:10:05,To Do
Test how functions behave,Medium,Eugene Bullock DDS,2025-04-22T02:10:53,2025-04-23T02:10:53,Done
Fix bugs in module,High,Christina Herman,2025-05-06T18:35:34,2025-05-13T18:35:34,In Progress
Test how functions behave,Low,Brittany Yu,2025-05-01T15:05:53,2025-05-05T15:05:53,Done
Refactor legacy code,Medium,Danielle Richards,2025-05-05T22:53:27,2025-05-22T22:53:27,To Do
Fix bugs in module,High,Mason Leonard,2025-04-16T03:52:49,2025-05-11T03:52:49,In Progress
Optimize performance,Medium,Daniel Nguyen,2025-05-01T19:54:39,2025-05-25T19:54:39,In Progress
Fix bugs in module,Low,Casey Hatfield,2025-05-10T08:03:40,2025-05-14T08:03:40,In Progress
Optimize performance,Medium,Craig Jensen,2025-04-20T11:24:58,2025-04-22T11:24:58,Done
Refactor legacy code,Medium,Brittany Yu,2025-05-09T02:35:14,2025-05-20T02:35:14,To Do
Add analytics tracking,Low,Daniel Nguyen,2025-05-02T01:22:30,2025-05-05T01:22:30,In Progress
Refactor legacy code,Medium,Heather Gould,2025-04-29T04:37:12,2025-05-19T04:37:12,In Progress
Improve UI responsiveness,High,David Parsons,2025-05-10T16:07:39,2025-05-15T16:07:39,Done
Add analytics tracking,Medium,Kimberly Davis,2025-04-17T17:47:32,2025-05-10T17:47:32,To Do
Add analytics tracking,Medium,Christina Herman,2025-04-22T12:53:46,2025-05-11T12:53:46,To Do
Test how functions behave,High,William Harris,2025-05-13T05:07:21,2025-05-22T05:07:21,Done
Test how functions behave,Low,Jennifer Downs,2025-05-05T20:01:10,2025-05-22T20:01:10,In Progress
Implement new feature,High,David Parsons,2025-05-02T01:56:29,2025-05-04T01:56:29,In Progress
Test how functions behave,Medium,Erica Scott,2025-05-14T09:50:56,2025-06-03T09:50:56,Done
Optimize performance,High,Jessica Garcia,2025-04-22T04:47:47,2025-05-17T04:47:47,In Progress
Write documentation,High,David Parsons,2025-04-30T09:22:27,2025-05-08T09:22:27,In Progress
Fix bugs in module,High,Brittany Yu,2025-04-27T09:16:59,2025-05-16T09:16:59,Done
Improve UI responsiveness,High,Christopher Wells,2025-05-14T05:30:45,2025-05-16T05:30:45,To Do
Improve UI responsiveness,Medium,Kimberly Davis,2025-05-07T14:42:45,2025-05-27T14:42:45,To Do
Implement new feature,High,Eugene Bullock DDS,2025-05-12T02:30:16,2025-06-06T02:30:16,To Do
Improve UI responsiveness,Low,Christopher Wells,2025-04-20T08:39:31,2025-05-01T08:39:31,To Do
Write documentation,High,Ryan Walton,2025-04-23T10:40:37,2025-05-17T10:40:37,To Do
Add analytics tracking,Low,Nancy Barrett,2025-04-25T10:25:50,2025-04-30T10:25:50,To Do
Optimize performance,Medium,Ronnie Hampton,2025-05-12T21:05:52,2025-05-16T21:05:52,To Do
Test how functions behave,Low,Jeremy White,2025-04-25T06:23:49,2025-05-11T06:23:49,In Progress
Optimize performance,Low,Antonio Sanders,2025-04-30T01:03:24,2025-05-05T01:03:24,In Progress
Write documentation,Medium,Holly Klein,2025-05-09T18:26:45,2025-05-31T18:26:45,Done
Implement new feature,Low,Tonya Johnson,2025-05-03T06:10:00,2025-05-25T06:10:00,In Progress
Optimize performance,Medium,Judith Burns,2025-05-02T20:15:11,2025-05-12T20:15:11,To Do
Test how functions behave,Medium,Dr. Erika Gray,2025-05-15T07:19:54,2025-05-21T07:19:54,In Progress
Fix bugs in module,Low,Holly Klein,2025-05-12T14:33:28,2025-05-29T14:33:28,Done
Optimize performance,Low,Daniel Nguyen,2025-05-14T06:10:20,2025-05-31T06:10:20,Done
Improve UI responsiveness,Low,Daniel Nguyen,2025-05-05T05:46:31,2025-05-08T05:46:31,In Progress
Refactor legacy code,Low,Ronnie Hampton,2025-04-20T15:49:26,2025-05-10T15:49:26,Done
Refactor legacy code,Low,Jennifer Downs,2025-04-30T02:19:06,2025-05-02T02:19:06,Done
Refactor legacy code,High,Kelly Jones,2025-05-07T13:59:30,2025-05-25T13:59:30,To Do
Refactor legacy code,Low,Mary Russell,2025-05-14T21:43:14,2025-06-05T21:43:14,Done
Implement new feature,Low,Nancy Barrett,2025-04-17T13:44:33,2025-05-03T13:44:33,Done
Write documentation,Medium,Christina Herman,2025-04-22T16:34:06,2025-05-12T16:34:06,In Progress
Add analytics tracking,High,Brittany Yu,2025-04-25T16:40:20,2025-04-27T16:40:20,Done
Optimize performance,High,Heather Gould,2025-04-26T09:24:48,2025-05-11T09:24:48,In Progress
Implement new feature,Low,Jane Holt,2025-05-12T15:38:25,2025-05-21T15:38:25,In Progress
Optimize performance,Low,Jessica Garcia,2025-05-05T07:13:16,2025-05-28T07:13:16,To Do
Refactor legacy code,Medium,Jesus Hall,2025-05-04T11:21:37,2025-05-23T11:21:37,To Do
Fix bugs in module,Low,Brittany Yu,2025-04-23T11:44:22,2025-05-11T11:44:22,To Do
Optimize performance,High,Audrey Williamson,2025-05-02T03:39:58,2025-05-30T03:39:58,Done
Implement new feature,High,Ronnie Hampton,2025-05-06T17:53:14,2025-05-25T17:53:14,To Do
Improve UI responsiveness,High,Carlos Garner,2025-04-24T14:12:14,2025-04-29T14:12:14,To Do
Add analytics tracking,Low,Danielle Richards,2025-04-23T14:51:16,2025-05-11T14:51:16,Done
Optimize performance,Low,Judith Burns,2025-05-09T02:36:04,2025-05-13T02:36:04,Done
Fix bugs in module,High,Christopher Wells,2025-05-03T22:33:20,2025-06-02T22:33:20,In Progress
Optimize performance,High,Jane Holt,2025-04-26T18:48:12,2025-05-21T18:48:12,Done
Add analytics tracking,Medium,Tammy Hines,2025-05-05T13:52:49,2025-05-31T13:52:49,Done
Refactor legacy code,High,Danielle Richards,2025-04-24T18:07:13,2025-05-14T18:07:13,In Progress
Implement new feature,High,Tonya Johnson,2025-04-21T10:07:29,2025-04-23T10:07:29,In Progress
Optimize performance,Medium,Oscar Vaughn,2025-04-24T04:43:29,2025-04-29T04:43:29,Done
Test how functions behave,Medium,Jesus Hall,2025-04-20T10:00:10,2025-05-06T10:00:10,To Do
Fix bugs in module,Medium,Holly Klein,2025-04-27T23:48:30,2025-05-22T23:48:30,Done
Test how functions behave,Low,David Parsons,2025-05-04T19:11:12,2025-05-23T19:11:12,To Do
Test how functions behave,High,Brittany Yu,2025-04-26T03:09:19,2025-05-23T03:09:19,In Progress
Write documentation,Medium,Susan Watson,2025-04-28T19:52:13,2025-05-05T19:52:13,Done
Fix bugs in module,Low,Kelly Jones,2025-04-18T07:26:06,2025-04-20T07:26:06,To Do
Fix bugs in module,High,Casey Hatfield,2025-04-21T06:55:41,2025-04-24T06:55:41,Done
Add analytics tracking,Low,Eugene Bullock DDS,2025-05-06T18:51:21,2025-05-19T18:51:21,To Do
Improve UI responsiveness,High,Oscar Vaughn,2025-05-10T12:40:57,2025-05-30T12:40:57,To Do
Implement new feature,High,Oscar Vaughn,2025-04-18T22:30:18,2025-05-15T22:30:18,In Progress
Add analytics tracking,Medium,Ryan Walton,2025-05-04T00:20:25,2025-05-12T00:20:25,To Do
Implement new feature,Medium,Phillip Campbell,2025-05-05T12:25:16,2025-05-25T12:25:16,Done
Implement new feature,High,Nancy Barrett,2025-05-06T21:28:07,2025-05-29T21:28:07,In Progress
Add analytics tracking,Low,Christina Herman,2025-05-04T20:00:51,2025-05-21T20:00:51,In Progress
Add analytics tracking,Low,Jessica Guerrero,2025-05-08T22:42:53,2025-06-06T22:42:53,To Do
Refactor legacy code,Medium,Daniel Nguyen,2025-04-23T19:08:29,2025-05-13T19:08:29,Done
Fix bugs in module,Low,Jeremy White,2025-04-26T15:20:33,2025-05-26T15:20:33,To Do
Write documentation,Low,Sheri Tucker,2025-05-13T10:48:09,2025-05-15T10:48:09,To Do
Fix bugs in module,Low,Dr. Erika Gray,2025-05-13T20:22:24,2025-05-29T20:22:24,In Progress
Optimize performance,High,Christina Herman,2025-04-23T21:31:51,2025-05-19T21:31:51,Done
Implement new feature,Medium,Brian Thomas,2025-05-08T01:52:45,2025-05-21T01:52:45,Done
Implement new feature,Medium,Jessica Garcia,2025-04-18T21:42:35,2025-05-09T21:42:35,In Progress
Optimize performance,High,Nancy Barrett,2025-05-05T04:20:29,2025-06-04T04:20:29,In Progress
Write documentation,Medium,Tammy Hines,2025-05-08T07:39:34,2025-05-20T07:39:34,Done
Refactor legacy code,High,Carlos Garner,2025-04-23T16:43:17,2025-04-25T16:43:17,Done
Test how functions behave,High,Jane Holt,2025-04-26T19:22:05,2025-04-28T19:22:05,To Do
Improve UI responsiveness,Medium,Jonathan Acosta,2025-04-22T06:57:30,2025-04-26T06:57:30,In Progress
Write documentation,Low,Brittany Yu,2025-05-12T11:34:59,2025-05-25T11:34:59,Done
Optimize performance,High,Emily Williams,2025-04-19T04:38:18,2025-05-12T04:38:18,To Do
Refactor legacy code,High,Nicole Tate,2025-05-02T18:49:27,2025-05-27T18:49:27,Done
Fix bugs in module,Low,Jane Holt,2025-04-16T15:56:17,2025-05-13T15:56:17,In Progress
Test how functions behave,Low,Mason Leonard,2025-04-27T19:12:44,2025-05-11T19:12:44,To Do
Implement new feature,Low,Tonya Johnson,2025-05-10T12:34:00,2025-06-07T12:34:00,In Progress
Fix bugs in module,Medium,Susan Watson,2025-05-08T09:16:53,2025-05-25T09:16:53,In Progress
Add analytics tracking,High,Mason Leonard,2025-04-19T04:49:19,2025-04-21T04:49:19,In Progress
Optimize performance,Low,Holly Klein,2025-05-03T16:08:55,2025-06-02T16:08:55,In Progress
Test how functions behave,Low,Nancy Barrett,2025-05-13T07:32:40,2025-05-28T07:32:40,In Progress
Improve UI responsiveness,Medium,Mr. Michael Mata,2025-04-30T10:26:52,2025-05-27T10:26:52,Done
Optimize performance,Low,Christopher Wells,2025-05-13T07:26:55,2025-06-03T07:26:55,Done
Fix bugs in module,Low,Jennifer Downs,2025-05-05T00:40:17,2025-05-14T00:40:17,Done
Fix bugs in module,High,Judith Burns,2025-05-13T13:05:26,2025-06-08T13:05:26,In Progress
Write documentation,Medium,Christina Herman,2025-04-19T12:38:16,2025-05-07T12:38:16,In Progress
Improve UI responsiveness,Medium,Kelly Jones,2025-05-01T18:40:43,2025-05-12T18:40:43,To Do
Implement new feature,Low,Jessica Garcia,2025-05-13T04:46:46,2025-05-31T04:46:46,To Do
Test how functions behave,Medium,Judith Burns,2025-05-14T13:56:19,2025-06-04T13:56:19,To Do
Refactor legacy code,Low,Ryan Walton,2025-05-06T02:29:23,2025-05-12T02:29:23,In Progress
Refactor legacy code,Low,John Edwards,2025-04-16T05:28:51,2025-04-22T05:28:51,To Do
Refactor legacy code,Low,Jeremy White,2025-04-21T07:59:13,2025-05-19T07:59:13,In Progress
Improve UI responsiveness,High,Felicia Harris,2025-04-27T14:13:42,2025-05-23T14:13:42,To Do
Fix bugs in module,Low,Oscar Vaughn,2025-04-25T19:24:50,2025-04-28T19:24:50,To Do
Improve UI responsiveness,Low,Amy Gillespie,2025-05-09T01:35:29,2025-06-06T01:35:29,To Do
Improve UI responsiveness,Medium,Heather Gould,2025-05-05T01:21:06,2025-05-16T01:21:06,Done
Write documentation,Medium,Jonathan Acosta,2025-04-18T08:22:08,2025-05-01T08:22:08,In Progress
Fix bugs in module,Medium,John Edwards,2025-04-18T04:34:49,2025-05-18T04:34:49,In Progress
Improve UI responsiveness,Low,David Simmons,2025-05-08T21:58:38,2025-05-14T21:58:38,Done
Fix bugs in module,Medium,Amy Gillespie,2025-04-22T23:31:06,2025-04-30T23:31:06,To Do
Fix bugs in module,Low,Larry Parker,2025-04-29T10:31:24,2025-05-27T10:31:24,In Progress
Refactor legacy code,High,Jessica Guerrero,2025-05-06T18:33:31,2025-05-22T18:33:31,In Progress
Refactor legacy code,Medium,Mary Russell,2025-05-11T03:34:26,2025-06-08T03:34:26,To Do
Implement new feature,Low,Angela Johnson,2025-04-21T03:54:44,2025-05-21T03:54:44,To Do
Test how functions behave,Low,Felicia Harris,2025-04-19T21:07:13,2025-05-19T21:07:13,To Do
Refactor legacy code,Medium,Christina Herman,2025-05-06T10:23:07,2025-05-28T10:23:07,Done
Implement new feature,High,Teresa Waters,2025-05-03T06:38:52,2025-05-16T06:38:52,In Progress
Improve UI responsiveness,Medium,Tonya Johnson,2025-05-11T04:26:48,2025-05-17T04:26:48,Done
Optimize performance,Medium,David Simmons,2025-04-24T23:42:47,2025-05-24T23:42:47,In Progress
Fix bugs in module,High,Mary Russell,2025-05-03T20:58:31,2025-05-21T20:58:31,To Do
Write documentation,Low,Jesus Hall,2025-05-13T14:54:02,2025-06-11T14:54:02,In Progress
Write documentation,Medium,Oscar Vaughn,2025-04-19T15:17:41,2025-05-11T15:17:41,In Progress
Refactor legacy code,Low,Emily Williams,2025-04-29T13:58:20,2025-05-20T13:58:20,Done
Write documentation,Medium,Mary Russell,2025-04-16T23:44:32,2025-05-04T23:44:32,To Do
Implement new feature,Medium,Jennifer Downs,2025-05-07T18:29:28,2025-05-11T18:29:28,In Progress
Fix bugs in module,Medium,Dr. Erika Gray,2025-05-11T01:33:31,2025-05-17T01:33:31,To Do
Refactor legacy code,Low,John Edwards,2025-05-15T11:21:24,2025-06-04T11:21:24,Done
Write documentation,Low,John Edwards,2025-05-05T09:31:53,2025-05-08T09:31:53,To Do
Test how functions behave,High,Brittany Yu,2025-04-19T15:36:41,2025-04-23T15:36:41,In Progress
Test how functions behave,Low,Felicia Harris,2025-05-15T04:32:22,2025-06-09T04:32:22,Done
Improve UI responsiveness,Medium,Jessica Guerrero,2025-04-26T23:20:13,2025-05-10T23:20:13,In Progress
Improve UI responsiveness,Medium,Jesus Hall,2025-05-12T18:11:41,2025-05-21T18:11:41,To Do
Optimize performance,Medium,David Parsons,2025-05-09T19:56:22,2025-05-11T19:56:22,In Progress
Optimize performance,Low,Larry Parker,2025-05-07T01:07:18,2025-05-10T01:07:18,Done
Test how functions behave,Low,Nicole Tate,2025-04-20T00:02:56,2025-05-15T00:02:56,Done
Write documentation,High,Carlos Garner,2025-04-28T19:52:58,2025-05-09T19:52:58,In Progress
Test how functions behave,Low,Emily Williams,2025-05-15T13:33:05,2025-06-01T13:33:05,Done
Write documentation,Medium,Jeremy White,2025-04-21T11:56:01,2025-05-02T11:56:01,To Do
Fix bugs in module,Medium,Mason Leonard,2025-05-13T04:51:45,2025-05-28T04:51:45,In Progress
Optimize performance,High,Jessica Guerrero,2025-04-19T05:06:38,2025-05-14T05:06:38,To Do
Implement new feature,Low,William Harris,2025-05-09T16:47:37,2025-06-04T16:47:37,Done
Refactor legacy code,Medium,Christopher Wells,2025-05-02T10:40:39,2025-05-22T10:40:39,In Progress
Optimize performance,Low,Angela Johnson,2025-04-23T00:26:54,2025-05-07T00:26:54,In Progress
Refactor legacy code,Medium,Jesus Hall,2025-05-08T02:55:08,2025-06-05T02:55:08,Done
Fix bugs in module,High,David Parsons,2025-05-11T22:44:06,2025-05-15T22:44:06,To Do
Implement new feature,Low,Larry Parker,2025-05-02T17:55:23,2025-05-07T17:55:23,In Progress
Implement new feature,Low,Ronnie Hampton,2025-04-17T02:50:04,2025-05-03T02:50:04,Done
Test how functions behave,Low,Phillip Campbell,2025-04-25T20:17:32,2025-05-08T20:17:32,To Do
Write documentation,Low,Sheri Tucker,2025-04-30T14:54:41,2025-05-04T14:54:41,Done
Write documentation,Medium,David Simmons,2025-04-27T21:06:46,2025-05-03T21:06:46,Done
Improve UI responsiveness,Medium,Jessica Garcia,2025-04-25T09:33:16,2025-05-09T09:33:16,To Do
Fix bugs in module,Medium,Nicole Tate,2025-05-05T17:18:55,2025-05-29T17:18:55,To Do
Fix bugs in module,Low,Jeremy White,2025-05-12T15:44:08,2025-05-18T15:44:08,To Do
Write documentation,High,Phillip Campbell,2025-04-22T11:28:47,2025-04-30T11:28:47,To Do
Test how functions behave,High,Dr. Erika Gray,2025-04-21T04:35:42,2025-05-21T04:35:42,Done
Test how functions behave,Low,Brittany Yu,2025-05-14T20:41:16,2025-06-10T20:41:16,To Do
Optimize performance,High,Carlos Garner,2025-05-05T03:01:24,2025-05-19T03:01:24,To Do
Add analytics tracking,Medium,Kimberly Davis,2025-05-14T11:46:56,2025-05-18T11:46:56,Done
Improve UI responsiveness,Low,Amy Gillespie,2025-05-11T22:33:28,2025-05-28T22:33:28,To Do
Add analytics tracking,Medium,Heather Gould,2025-04-23T13:13:06,2025-05-09T13:13:06,To Do
Refactor legacy code,High,Oscar Vaughn,2025-04-29T17:19:18,2025-05-25T17:19:18,Done
Improve UI responsiveness,High,Jonathan Acosta,2025-04-28T21:45:03,2025-05-05T21:45:03,To Do
Write documentation,Low,John Edwards,2025-05-05T14:46:21,2025-06-01T14:46:21,Done
Fix bugs in module,Medium,Phillip Campbell,2025-04-22T17:37:31,2025-04-27T17:37:31,Done
Add analytics tracking,Low,Carlos Garner,2025-05-01T15:43:06,2025-05-28T15:43:06,Done
Optimize performance,Medium,Nancy Barrett,2025-05-15T12:31:00,2025-05-31T12:31:00,To Do
Implement new feature,Low,Sheri Tucker,2025-05-10T05:43:08,2025-05-21T05:43:08,In Progress
Test how functions behave,Low,Tammy Hines,2025-04-15T20:28:17,2025-04-23T20:28:17,Done
Add analytics tracking,Low,Jesus Hall,2025-05-03T00:11:51,2025-05-11T00:11:51,To Do
Add analytics tracking,High,Jeremy White,2025-04-23T08:37:42,2025-05-12T08:37:42,To Do
Refactor legacy code,High,Heather Gould,2025-05-01T05:33:32,2025-05-18T05:33:32,To Do
Write documentation,Low,David Simmons,2025-05-11T14:14:27,2025-05-25T14:14:27,To Do
Test how functions behave,High,Susan Watson,2025-05-04T23:12:08,2025-05-16T23:12:08,In Progress
Improve UI responsiveness,Low,Nicole Tate,2025-05-05T13:53:24,2025-05-24T13:53:24,In Progress
Improve UI responsiveness,Medium,Mary Russell,2025-04-22T11:46:15,2025-05-10T11:46:15,To Do
Improve UI responsiveness,Low,Christina Herman,2025-05-08T07:32:14,2025-06-07T07:32:14,To Do
Fix bugs in module,Low,Carlos Garner,2025-05-09T12:01:23,2025-05-11T12:01:23,In Progress
Fix bugs in module,Low,Jonathan Acosta,2025-04-18T10:07:37,2025-04-22T10:07:37,In Progress
Write documentation,High,Mr. Michael Mata,2025-05-06T13:16:27,2025-05-08T13:16:27,To Do
Write documentation,Low,Antonio Sanders,2025-05-13T13:01:05,2025-06-11T13:01:05,Done
Improve UI responsiveness,High,Judith Burns,2025-05-13T15:58:21,2025-05-30T15:58:21,To Do
Optimize performance,High,Emily Williams,2025-04-27T13:33:09,2025-05-11T13:33:09,To Do
Fix bugs in module,Low,Jeremy White,2025-05-07T15:04:08,2025-05-13T15:04:08,In Progress
Optimize performance,High,Heather Gould,2025-04-22T17:31:42,2025-04-24T17:31:42,Done
Fix bugs in module,Medium,Danielle Richards,2025-04-29T08:48:08,2025-05-26T08:48:08,In Progress
Fix bugs in module,Medium,Danielle Richards,2025-05-10T03:01:04,2025-06-03T03:01:04,Done
Improve UI responsiveness,Medium,Nicole Tate,2025-04-22T19:50:01,2025-05-14T19:50:01,To Do
Test how functions behave,Low,Nancy Barrett,2025-04-26T01:38:39,2025-05-02T01:38:39,In Progress
Optimize performance,Low,Casey Hatfield,2025-04-27T10:50:02,2025-05-20T10:50:02,To Do
Test how functions behave,Medium,Eugene Bullock DDS,2025-04-27T12:13:04,2025-05-10T12:13:04,To Do
Test how functions behave,Medium,David Parsons,2025-04-22T03:54:53,2025-04-30T03:54:53,In Progress
Fix bugs in module,Low,Ryan Walton,2025-05-14T11:38:56,2025-05-21T11:38:56,To Do
Refactor legacy code,Medium,Ryan Walton,2025-04-26T12:20:57,2025-05-03T12:20:57,In Progress
Implement new feature,Medium,Ronnie Hampton,2025-05-08T03:46:22,2025-05-16T03:46:22,To Do
Add analytics tracking,Medium,Judith Burns,2025-05-05T23:31:02,2025-06-01T23:31:02,Done
Write documentation,Low,Nancy Barrett,2025-04-24T00:57:53,2025-05-08T00:57:53,To Do
Implement new feature,Low,Jessica Guerrero,2025-04-29T01:53:35,2025-05-14T01:53:35,Done
Test how functions behave,Medium,Jessica Guerrero,2025-05-07T06:51:45,2025-05-09T06:51:45,To Do
Write documentation,Medium,Mr. Michael Mata,2025-05-05T08:44:25,2025-05-13T08:44:25,In Progress
Write documentation,Medium,Nicole Tate,2025-04-26T17:48:47,2025-04-30T17:48:47,To Do
Add analytics tracking,Low,Antonio Sanders,2025-05-12T01:10:03,2025-06-05T01:10:03,To Do
Test how functions behave,High,David Parsons,2025-04-22T13:05:22,2025-05-07T13:05:22,Done
Improve UI responsiveness,Low,Kelly Jones,2025-05-04T02:38:22,2025-05-07T02:38:22,In Progress
Add analytics tracking,Low,Ronnie Hampton,2025-05-12T12:09:56,2025-05-31T12:09:56,In Progress
Optimize performance,Low,Daniel Nguyen,2025-04-15T21:58:38,2025-05-03T21:58:38,To Do
Optimize performance,Medium,Daniel Nguyen,2025-04-25T16:58:13,2025-05-07T16:58:13,Done
Optimize performance,High,Heather Gould,2025-04-24T05:15:18,2025-05-14T05:15:18,To Do
Add analytics tracking,High,Phillip Campbell,2025-05-03T04:23:42,2025-05-10T04:23:42,In Progress
Add analytics tracking,Medium,Amy Gillespie,2025-04-20T18:32:35,2025-05-16T18:32:35,In Progress
Implement new feature,Low,Antonio Sanders,2025-04-25T05:09:03,2025-04-30T05:09:03,To Do
Refactor legacy code,High,Tonya Johnson,2025-04-21T07:16:33,2025-04-30T07:16:33,To Do
Write documentation,Low,Jeremy White,2025-04-28T19:03:54,2025-04-30T19:03:54,In Progress
Optimize performance,High,John Edwards,2025-05-12T02:21:54,2025-05-13T02:21:54,To Do
Optimize performance,Low,Sheri Tucker,2025-05-12T02:41:00,2025-06-10T02:41:00,In Progress
Write documentation,Medium,Phillip Campbell,2025-04-23T19:53:48,2025-05-21T19:53:48,In Progress
Implement new feature,Medium,Casey Hatfield,2025-04-26T15:53:43,2025-04-28T15:53:43,To Do
Optimize performance,Low,Sheri Tucker,2025-05-02T11:21:44,2025-05-23T11:21:44,In Progress
Add analytics tracking,Low,Nancy Barrett,2025-04-21T23:17:37,2025-05-08T23:17:37,In Progress
Refactor legacy code,High,Amy Gillespie,2025-04-20T12:45:58,2025-05-13T12:45:58,In Progress
Write documentation,Low,Dr. Erika Gray,2025-04-29T20:35:10,2025-05-12T20:35:10,Done
Add analytics tracking,Low,Christopher Wells,2025-04-25T08:48:11,2025-05-25T08:48:11,To Do
Refactor legacy code,High,Craig Jensen,2025-04-16T08:58:02,2025-04-28T08:58:02,Done
Test how functions behave,Medium,Jeremy White,2025-04-24T02:02:29,2025-05-01T02:02:29,Done
Add analytics tracking,Medium,Nancy Barrett,2025-04-23T23:03:15,2025-05-11T23:03:15,In Progress
Add analytics tracking,High,Erica Scott,2025-04-20T04:16:52,2025-05-02T04:16:52,To Do
Refactor legacy code,Low,Mary Russell,2025-05-03T15:01:17,2025-05-11T15:01:17,Done
Refactor legacy code,High,Jane Holt,2025-04-30T18:15:24,2025-05-26T18:15:24,To Do
Add analytics tracking,Medium,Brittany Yu,2025-05-12T11:52:33,2025-05-27T11:52:33,To Do
Add analytics tracking,Medium,Christina Herman,2025-04-17T16:56:19,2025-04-28T16:56:19,In Progress
Optimize performance,Low,Amy Gillespie,2025-05-06T11:32:12,2025-06-05T11:32:12,Done
Improve UI responsiveness,Low,Kelly Jones,2025-04-16T00:18:10,2025-04-29T00:18:10,In Progress
Test how functions behave,Low,John Edwards,2025-04-23T21:17:04,2025-05-21T21:17:04,Done
Add analytics tracking,High,Larry Parker,2025-04-22T19:36:26,2025-05-17T19:36:26,In Progress
Optimize performance,High,Kelly Jones,2025-04-20T23:36:26,2025-05-18T23:36:26,Done
Test how functions behave,Medium,Sheri Tucker,2025-04-16T16:19:31,2025-05-14T16:19:31,To Do
Refactor legacy code,Low,Craig Jensen,2025-04-26T19:21:10,2025-04-29T19:21:10,Done
Implement new feature,High,Nicole Tate,2025-05-03T19:06:11,2025-05-21T19:06:11,To Do
Optimize performance,Low,David Simmons,2025-05-14T17:19:32,2025-05-28T17:19:32,In Progress
Optimize performance,High,Ryan Walton,2025-04-18T21:25:46,2025-05-02T21:25:46,To Do
Implement new feature,High,Dr. Erika Gray,2025-05-01T10:36:20,2025-05-14T10:36:20,Done
Test how functions behave,High,Christopher Armstrong,2025-04-27T05:56:43,2025-05-08T05:56:43,To Do
Refactor legacy code,High,Holly Klein,2025-05-08T15:20:00,2025-05-11T15:20:00,To Do
Add analytics tracking,Low,Nancy Barrett,2025-04-17T21:52:30,2025-05-13T21:52:30,In Progress
Improve UI responsiveness,Medium,Tonya Johnson,2025-05-05T12:48:07,2025-06-02T12:48:07,In Progress
Fix bugs in module,High,Mary Russell,2025-04-17T12:30:14,2025-04-23T12:30:14,To Do
Refactor legacy code,Medium,Jennifer Downs,2025-04-15T23:55:58,2025-05-04T23:55:58,Done
Test how functions behave,Low,Jennifer Downs,2025-04-16T03:44:14,2025-04-27T03:44:14,In Progress
Fix bugs in module,Low,Susan Watson,2025-04-17T10:22:23,2025-05-12T10:22:23,Done
Refactor legacy code,High,Jessica Garcia,2025-05-11T06:54:58,2025-05-18T06:54:58,Done
Test how functions behave,Low,Ronnie Hampton,2025-05-13T18:26:16,2025-05-17T18:26:16,Done
Implement new feature,Low,William Harris,2025-04-21T03:38:10,2025-05-10T03:38:10,In Progress
Test how functions behave,Medium,Heather Gould,2025-05-02T00:08:32,2025-05-11T00:08:32,Done
Fix bugs in module,Low,Sheri Tucker,2025-05-03T17:06:36,2025-05-22T17:06:36,In Progress
Refactor legacy code,Medium,Christina Herman,2025-04-16T15:32:30,2025-05-11T15:32:30,To Do
Fix bugs in module,Medium,Christina Herman,2025-05-07T23:04:07,2025-05-11T23:04:07,Done
Optimize performance,Low,Tammy Hines,2025-04-24T16:00:13,2025-05-08T16:00:13,To Do
Improve UI responsiveness,High,David Simmons,2025-04-24T20:51:40,2025-05-04T20:51:40,In Progress
Refactor legacy code,Low,Larry Parker,2025-05-14T01:54:12,2025-06-01T01:54:12,Done
Optimize performance,High,Jessica Guerrero,2025-05-10T01:50:15,2025-05-13T01:50:15,To Do
Fix bugs in module,High,Eugene Bullock DDS,2025-05-06T14:08:04,2025-05-24T14:08:04,To Do
Fix bugs in module,Medium,Brittany Yu,2025-04-24T23:28:49,2025-05-14T23:28:49,Done
Refactor legacy code,High,Nancy Barrett,2025-04-18T23:52:19,2025-04-19T23:52:19,In Progress
Optimize performance,Medium,Jesus Hall,2025-05-02T19:07:40,2025-05-20T19:07:40,In Progress
Write documentation,Medium,Mr. Michael Mata,2025-04-16T18:44:59,2025-04-30T18:44:59,To Do
Write documentation,Low,Emily Williams,2025-04-15T21:26:04,2025-04-28T21:26:04,Done
Optimize performance,High,Ryan Walton,2025-04-20T23:44:35,2025-05-11T23:44:35,To Do
Test how functions behave,High,Mason Leonard,2025-04-17T01:47:50,2025-05-15T01:47:50,Done
Write documentation,High,Jessica Guerrero,2025-04-22T17:47:50,2025-05-10T17:47:50,In Progress
Write documentation,Medium,Erica Scott,2025-05-01T21:49:03,2025-05-12T21:49:03,In Progress
Implement new feature,High,Dr. Erika Gray,2025-04-23T10:53:34,2025-05-03T10:53:34,To Do
Optimize performance,Low,Daniel Nguyen,2025-05-09T04:25:15,2025-06-08T04:25:15,Done
Test how functions behave,Low,Jeremy White,2025-04-21T13:33:17,2025-05-04T13:33:17,In Progress
Fix bugs in module,Medium,Jonathan Acosta,2025-05-08T08:26:24,2025-06-03T08:26:24,Done
Fix bugs in module,High,Craig Jensen,2025-05-09T23:09:58,2025-05-14T23:09:58,In Progress
Fix bugs in module,Medium,Christopher Wells,2025-05-01T06:44:53,2025-05-27T06:44:53,To Do
Fix bugs in module,Medium,Kimberly Davis,2025-04-23T18:38:43,2025-05-05T18:38:43,To Do
Refactor legacy code,High,Tammy Hines,2025-05-07T21:24:09,2025-05-25T21:24:09,To Do
Fix bugs in module,Medium,William Harris,2025-05-06T05:29:17,2025-05-22T05:29:17,Done
Fix bugs in module,Low,Brittany Yu,2025-04-18T06:51:41,2025-04-27T06:51:41,In Progress
Write documentation,Medium,Jesus Hall,2025-05-02T05:38:22,2025-05-09T05:38:22,In Progress
Refactor legacy code,Medium,Larry Parker,2025-04-25T04:05:16,2025-05-16T04:05:16,In Progress
Optimize performance,Medium,Ryan Walton,2025-05-01T23:01:30,2025-05-18T23:01:30,To Do
Add analytics tracking,Low,Nicole Tate,2025-04-19T11:59:54,2025-05-05T11:59:54,In Progress
Test how functions behave,High,Jennifer Downs,2025-04-18T10:54:03,2025-04-26T10:54:03,To Do
Implement new feature,High,Casey Hatfield,2025-05-04T09:02:15,2025-05-19T09:02:15,Done
Test how functions behave,Medium,Phillip Campbell,2025-04-19T19:21:03,2025-05-14T19:21:03,Done
Optimize performance,High,Danielle Richards,2025-04-24T05:24:25,2025-05-12T05:24:25,In Progress
Optimize performance,High,Christopher Wells,2025-04-23T15:39:43,2025-05-04T15:39:43,Done
Test how functions behave,High,Craig Jensen,2025-04-30T07:51:43,2025-05-19T07:51:43,In Progress
Fix bugs in module,Low,Nicole Tate,2025-05-09T07:09:46,2025-05-10T07:09:46,Done
Fix bugs in module,Low,Susan Watson,2025-04-23T07:57:38,2025-05-06T07:57:38,To Do
Improve UI responsiveness,High,Antonio Sanders,2025-05-10T22:12:45,2025-06-01T22:12:45,To Do
Write documentation,High,Ryan Walton,2025-04-29T06:28:25,2025-05-24T06:28:25,Done
Improve UI responsiveness,Medium,Brian Thomas,2025-04-24T18:59:01,2025-05-21T18:59:01,In Progress
Test how functions behave,Low,Brittany Yu,2025-05-03T21:49:01,2025-05-31T21:49:01,Done
Improve UI responsiveness,Medium,Jane Holt,2025-05-10T21:24:48,2025-05-19T21:24:48,To Do
Fix bugs in module,High,Oscar Vaughn,2025-05-10T03:07:14,2025-05-13T03:07:14,Done
Fix bugs in module,Low,Brian Thomas,2025-04-28T12:17:11,2025-05-13T12:17:11,In Progress
Refactor legacy code,Low,Christina Herman,2025-04-21T00:52:47,2025-05-05T00:52:47,To Do
Implement new feature,High,William Harris,2025-04-28T09:15:06,2025-05-21T09:15:06,To Do
Add analytics tracking,Low,Larry Parker,2025-05-08T22:32:40,2025-06-01T22:32:40,Done
Implement new feature,Medium,Jennifer Downs,2025-04-25T13:55:35,2025-05-20T13:55:35,In Progress
Optimize performance,Medium,Craig Jensen,2025-04-22T09:45:39,2025-05-22T09:45:39,To Do
Optimize performance,Low,Danielle Richards,2025-05-03T20:50:17,2025-05-05T20:50:17,In Progress
Improve UI responsiveness,Low,Larry Parker,2025-04-21T10:54:31,2025-04-25T10:54:31,To Do
Fix bugs in module,High,Tammy Hines,2025-04-20T08:30:16,2025-05-03T08:30:16,Done
Add analytics tracking,Medium,Oscar Vaughn,2025-04-22T03:45:42,2025-05-22T03:45:42,Done
Write documentation,Medium,Christopher Armstrong,2025-04-22T19:40:33,2025-05-11T19:40:33,To Do
Refactor legacy code,High,Angela Johnson,2025-05-15T14:18:47,2025-05-25T14:18:47,To Do
Fix bugs in module,Medium,Emily Williams,2025-04-19T10:58:03,2025-04-23T10:58:03,In Progress
Refactor legacy code,Medium,Heather Gould,2025-04-29T15:31:48,2025-05-26T15:31:48,To Do
Implement new feature,High,Nancy Barrett,2025-05-05T02:50:28,2025-05-19T02:50:28,In Progress
Optimize performance,Medium,Eugene Bullock DDS,2025-04-23T11:11:54,2025-05-21T11:11:54,Done
Test how functions behave,Medium,David Simmons,2025-05-04T01:24:04,2025-05-30T01:24:04,To Do
Improve UI responsiveness,High,Larry Parker,2025-04-26T22:25:15,2025-05-14T22:25:15,To Do
Implement new feature,Low,Felicia Harris,2025-04-24T03:25:18,2025-05-10T03:25:18,In Progress
Improve UI responsiveness,Low,Phillip Campbell,2025-04-18T19:47:16,2025-05-02T19:47:16,In Progress
Implement new feature,Medium,Holly Klein,2025-04-19T15:55:54,2025-04-28T15:55:54,To Do
Add analytics tracking,Low,Kelly Jones,2025-05-04T03:43:23,2025-05-06T03:43:23,Done
Implement new feature,High,Kelly Jones,2025-04-27T09:04:29,2025-05-21T09:04:29,In Progress
Test how functions behave,Medium,Ronnie Hampton,2025-04-19T05:42:15,2025-05-19T05:42:15,In Progress
Add analytics tracking,Low,William Harris,2025-05-14T02:47:51,2025-06-01T02:47:51,Done
Test how functions behave,Medium,Oscar Vaughn,2025-05-14T14:40:20,2025-05-22T14:40:20,Done
Add analytics tracking,Medium,Kimberly Davis,2025-05-07T08:51:16,2025-05-27T08:51:16,Done
Test how functions behave,High,Daniel Nguyen,2025-04-22T10:30:34,2025-05-06T10:30:34,Done
Fix bugs in module,Medium,Nancy Barrett,2025-05-04T17:41:30,2025-05-16T17:41:30,In Progress
Refactor legacy code,High,Nancy Barrett,2025-05-08T17:07:07,2025-05-15T17:07:07,Done
Add analytics tracking,Medium,Susan Watson,2025-05-09T02:22:31,2025-05-11T02:22:31,To Do
Refactor legacy code,Low,David Simmons,2025-05-12T01:49:08,2025-05-14T01:49:08,In Progress
Write documentation,Low,Susan Watson,2025-04-17T01:18:01,2025-04-21T01:18:01,To Do
Fix bugs in module,Medium,Carlos Garner,2025-05-06T13:58:10,2025-05-24T13:58:10,To Do
Add analytics tracking,Low,Emily Williams,2025-05-15T14:34:31,2025-05-20T14:34:31,To Do
Optimize performance,High,Susan Watson,2025-04-30T23:18:44,2025-05-30T23:18:44,To Do
Improve UI responsiveness,Medium,Nicole Tate,2025-04-21T15:57:58,2025-05-07T15:57:58,Done
Fix bugs in module,Medium,Jessica Garcia,2025-05-08T03:22:26,2025-05-19T03:22:26,In Progress
Test how functions behave,Low,Ronnie Hampton,2025-04-28T01:11:48,2025-05-20T01:11:48,Done
Write documentation,Medium,David Simmons,2025-05-14T23:54:44,2025-06-01T23:54:44,To Do
Implement new feature,Low,Jessica Garcia,2025-05-02T06:43:30,2025-05-14T06:43:30,In Progress
Improve UI responsiveness,Medium,Sheri Tucker,2025-05-02T02:11:52,2025-05-25T02:11:52,Done
Improve UI responsiveness,Medium,Holly Klein,2025-04-26T12:40:15,2025-05-20T12:40:15,Done
Implement new feature,Medium,David Simmons,2025-04-16T03:14:52,2025-05-08T03:14:52,Done
Optimize performance,High,Carlos Garner,2025-05-14T10:11:42,2025-06-13T10:11:42,Done
Add analytics tracking,Low,Angela Johnson,2025-04-23T12:42:53,2025-05-10T12:42:53,To Do
Refactor legacy code,Low,Christina Herman,2025-04-28T23:20:43,2025-04-29T23:20:43,Done
Improve UI responsiveness,High,Audrey Williamson,2025-04-25T14:45:14,2025-05-10T14:45:14,Done
Fix bugs in module,Low,Casey Hatfield,2025-05-04T02:16:38,2025-05-18T02:16:38,Done
Add analytics tracking,Low,John Edwards,2025-05-08T05:57:53,2025-05-20T05:57:53,Done
Refactor legacy code,Low,Kimberly Davis,2025-05-15T04:51:36,2025-05-23T04:51:36,Done
Fix bugs in module,Medium,Tonya Johnson,2025-04-28T19:28:29,2025-05-17T19:28:29,Done
Implement new feature,High,Jessica Guerrero,2025-05-14T05:00:45,2025-06-10T05:00:45,Done
Test how functions behave,Low,Amy Gillespie,2025-05-09T07:49:34,2025-05-19T07:49:34,To Do
Refactor legacy code,Low,Danielle Richards,2025-04-26T04:12:51,2025-05-25T04:12:51,Done
Optimize performance,High,Casey Hatfield,2025-04-22T11:25:18,2025-04-23T11:25:18,To Do
Refactor legacy code,Medium,Antonio Sanders,2025-05-05T19:35:53,2025-05-10T19:35:53,In Progress
Improve UI responsiveness,Medium,Antonio Sanders,2025-05-14T07:04:48,2025-05-24T07:04:48,To Do
Write documentation,Medium,Sheri Tucker,2025-04-20T14:02:49,2025-05-11T14:02:49,To Do
Test how functions behave,Low,David Parsons,2025-05-03T03:21:37,2025-05-05T03:21:37,Done
Implement new feature,Medium,Felicia Harris,2025-04-22T14:11:36,2025-05-10T14:11:36,In Progress
Implement new feature,High,Tammy Hines,2025-04-18T21:42:00,2025-05-08T21:42:00,To Do
Refactor legacy code,Low,Oscar Vaughn,2025-04-17T17:40:44,2025-05-13T17:40:44,Done
Improve UI responsiveness,Medium,Mr. Michael Mata,2025-05-15T04:18:57,2025-06-04T04:18:57,In Progress
Write documentation,Medium,Nicole Tate,2025-05-03T01:46:30,2025-05-26T01:46:30,In Progress
Improve UI responsiveness,Low,John Edwards,2025-04-23T15:40:06,2025-05-21T15:40:06,To Do
Test how functions behave,Medium,David Parsons,2025-04-30T05:30:13,2025-05-21T05:30:13,In Progress
Fix bugs in module,Medium,Mary Russell,2025-04-16T10:29:54,2025-05-16T10:29:54,To Do
Write documentation,Low,Christopher Armstrong,2025-04-16T11:04:26,2025-05-09T11:04:26,To Do
Refactor legacy code,High,Angela Johnson,2025-05-08T01:04:10,2025-05-14T01:04:10,To Do
Optimize performance,High,Jeremy White,2025-04-18T04:32:00,2025-04-27T04:32:00,Done
Fix bugs in module,High,Holly Klein,2025-05-13T12:07:10,2025-05-17T12:07:10,To Do
Fix bugs in module,Medium,Ryan Walton,2025-04-22T15:41:06,2025-05-17T15:41:06,To Do
Fix bugs in module,Low,Oscar Vaughn,2025-05-04T06:40:33,2025-06-03T06:40:33,To Do
Add analytics tracking,Low,Tonya Johnson,2025-04-17T14:42:10,2025-04-23T14:42:10,To Do
Test how functions behave,High,Christopher Wells,2025-05-15T12:06:01,2025-05-26T12:06:01,In Progress
Improve UI responsiveness,High,Kelly Jones,2025-04-22T02:02:48,2025-04-25T02:02:48,To Do
Refactor legacy code,Low,Craig Jensen,2025-04-26T20:02:02,2025-05-03T20:02:02,To Do
Refactor legacy code,High,Jessica Garcia,2025-04-27T17:51:25,2025-05-06T17:51:25,In Progress
Write documentation,Medium,David Simmons,2025-05-10T17:07:11,2025-05-28T17:07:11,Done
Write documentation,High,Brittany Yu,2025-04-19T14:25:37,2025-05-11T14:25:37,To Do
Optimize performance,Medium,Felicia Harris,2025-05-08T21:51:56,2025-05-22T21:51:56,In Progress
Fix bugs in module,High,Daniel Nguyen,2025-05-08T11:15:51,2025-05-16T11:15:51,Done
Implement new feature,Low,Christopher Wells,2025-05-02T07:56:38,2025-05-17T07:56:38,In Progress
Fix bugs in module,High,Sheri Tucker,2025-05-09T20:47:42,2025-05-31T20:47:42,Done
Optimize performance,High,Mason Leonard,2025-04-16T17:31:01,2025-04-22T17:31:01,Done
Fix bugs in module,High,Emily Williams,2025-05-11T01:18:37,2025-05-25T01:18:37,To Do
Test how functions behave,High,Tonya Johnson,2025-05-04T22:23:19,2025-05-31T22:23:19,To Do
Fix bugs in module,High,Dr. Erika Gray,2025-05-03T21:54:10,2025-05-10T21:54:10,To Do
Fix bugs in module,Medium,Felicia Harris,2025-05-12T00:06:45,2025-05-17T00:06:45,Done
Refactor legacy code,Medium,Kelly Jones,2025-04-24T05:05:05,2025-05-02T05:05:05,In Progress
Write documentation,High,Angela Johnson,2025-05-05T14:28:12,2025-05-21T14:28:12,In Progress
Add analytics tracking,High,Christopher Wells,2025-04-16T23:54:31,2025-05-15T23:54:31,Done
Add analytics tracking,Medium,Oscar Vaughn,2025-05-14T18:59:45,2025-05-19T18:59:45,To Do
Improve UI responsiveness,High,Jesus Hall,2025-04-29T19:18:09,2025-05-27T19:18:09,Done
Refactor legacy code,High,Kimberly Davis,2025-04-16T00:21:21,2025-05-02T00:21:21,To Do
Refactor legacy code,Medium,David Parsons,2025-05-02T18:22:21,2025-05-31T18:22:21,In Progress
Add analytics tracking,Low,Jessica Garcia,2025-05-02T08:03:50,2025-05-03T08:03:50,Done
Add analytics tracking,Low,Ronnie Hampton,2025-04-18T11:09:10,2025-04-20T11:09:10,To Do
Test how functions behave,Low,Felicia Harris,2025-04-24T09:03:11,2025-05-06T09:03:11,To Do
Implement new feature,High,David Simmons,2025-05-15T06:50:30,2025-06-10T06:50:30,In Progress
Improve UI responsiveness,High,Daniel Nguyen,2025-05-14T22:31:43,2025-05-28T22:31:43,Done
Test how functions behave,Low,Jesus Hall,2025-04-28T05:30:00,2025-05-01T05:30:00,To Do
Implement new feature,Medium,Teresa Waters,2025-05-10T03:29:54,2025-06-07T03:29:54,To Do
Fix bugs in module,Medium,Antonio Sanders,2025-04-19T06:46:00,2025-04-22T06:46:00,Done
Fix bugs in module,Low,Ryan Walton,2025-05-09T10:28:04,2025-06-08T10:28:04,In Progress
Test how functions behave,High,Jane Holt,2025-04-15T19:00:02,2025-05-12T19:00:02,Done
Fix bugs in module,Medium,Christina Herman,2025-04-19T21:47:48,2025-04-28T21:47:48,Done
Add analytics tracking,Medium,Nancy Barrett,2025-05-06T14:48:37,2025-05-26T14:48:37,To Do
Refactor legacy code,Low,Tonya Johnson,2025-05-05T18:06:16,2025-06-02T18:06:16,In Progress
Write documentation,Low,Casey Hatfield,2025-04-26T11:00:31,2025-05-12T11:00:31,To Do
Improve UI responsiveness,Low,Kelly Jones,2025-05-04T05:51:48,2025-05-18T05:51:48,In Progress
Optimize performance,Medium,William Harris,2025-04-20T06:04:15,2025-04-29T06:04:15,To Do
Add analytics tracking,High,Larry Parker,2025-05-13T05:24:12,2025-06-04T05:24:12,To Do
Optimize performance,High,Nancy Barrett,2025-04-26T10:22:57,2025-05-18T10:22:57,Done
Optimize performance,Low,Emily Williams,2025-04-23T14:13:41,2025-05-11T14:13:41,Done
Write documentation,Low,Susan Watson,2025-05-02T03:22:13,2025-05-04T03:22:13,To Do
Test how functions behave,Medium,Mary Russell,2025-04-22T23:50:07,2025-04-27T23:50:07,In Progress
Refactor legacy code,Low,Carlos Garner,2025-04-27T13:48:26,2025-05-25T13:48:26,In Progress
Implement new feature,High,Carlos Garner,2025-04-26T00:24:24,2025-05-26T00:24:24,In Progress
Write documentation,High,Christina Herman,2025-05-08T21:12:11,2025-05-10T21:12:11,In Progress
Optimize performance,High,Christopher Armstrong,2025-05-05T12:22:41,2025-05-10T12:22:41,To Do
Add analytics tracking,High,Audrey Williamson,2025-04-24T15:19:00,2025-05-22T15:19:00,In Progress
Implement new feature,Low,Emily Williams,2025-05-01T22:43:52,2025-05-24T22:43:52,To Do
Fix bugs in module,High,Craig Jensen,2025-04-19T05:15:30,2025-04-28T05:15:30,To Do
Implement new feature,High,Holly Klein,2025-05-07T18:43:06,2025-05-29T18:43:06,In Progress
Test how functions behave,Low,David Parsons,2025-04-18T09:07:26,2025-04-27T09:07:26,In Progress
Refactor legacy code,High,Felicia Harris,2025-05-08T03:52:52,2025-06-04T03:52:52,To Do
Optimize performance,Medium,Ronnie Hampton,2025-05-07T23:39:34,2025-05-21T23:39:34,In Progress
Implement new feature,Low,Oscar Vaughn,2025-04-20T17:21:21,2025-05-17T17:21:21,In Progress
Implement new feature,High,Felicia Harris,2025-05-08T21:22:20,2025-05-23T21:22:20,In Progress
Fix bugs in module,High,Nicole Tate,2025-05-13T22:25:21,2025-05-22T22:25:21,To Do
Fix bugs in module,Medium,Mary Russell,2025-05-06T10:18:14,2025-05-31T10:18:14,In Progress
Fix bugs in module,Low,Angela Johnson,2025-04-27T19:21:26,2025-05-09T19:21:26,In Progress
Improve UI responsiveness,High,Danielle Richards,2025-05-05T18:07:32,2025-05-28T18:07:32,To Do
Refactor legacy code,High,Antonio Sanders,2025-05-09T04:24:59,2025-05-20T04:24:59,Done
Write documentation,Medium,Daniel Nguyen,2025-05-09T07:30:15,2025-05-20T07:30:15,To Do
Improve UI responsiveness,Low,Kimberly Davis,2025-05-07T09:15:11,2025-05-22T09:15:11,Done
Add analytics tracking,Medium,Ronnie Hampton,2025-05-10T22:48:36,2025-06-06T22:48:36,To Do
Test how functions behave,Low,Craig Jensen,2025-04-23T09:06:10,2025-05-17T09:06:10,To Do
Improve UI responsiveness,High,Nancy Barrett,2025-04-20T00:59:56,2025-04-21T00:59:56,To Do
Optimize performance,Medium,Judith Burns,2025-04-30T15:34:58,2025-05-26T15:34:58,To Do
Improve UI responsiveness,Low,Craig Jensen,2025-05-10T09:10:55,2025-06-05T09:10:55,In Progress
Add analytics tracking,Low,Casey Hatfield,2025-04-26T07:53:07,2025-05-04T07:53:07,Done
Write documentation,Medium,Nancy Barrett,2025-05-10T17:23:52,2025-05-24T17:23:52,Done
Fix bugs in module,Medium,Kimberly Davis,2025-05-14T04:34:58,2025-06-11T04:34:58,In Progress
Add analytics tracking,Medium,William Harris,2025-05-14T04:16:42,2025-06-08T04:16:42,Done
Improve UI responsiveness,Low,Felicia Harris,2025-05-13T22:08:09,2025-06-11T22:08:09,To Do
Optimize performance,Medium,Jesus Hall,2025-05-08T08:16:40,2025-06-06T08:16:40,In Progress
Write documentation,High,Tonya Johnson,2025-04-26T17:12:22,2025-05-09T17:12:22,In Progress
Improve UI responsiveness,High,David Parsons,2025-04-19T09:44:51,2025-05-07T09:44:51,Done
Add analytics tracking,Low,Kelly Jones,2025-04-29T11:29:50,2025-05-21T11:29:50,Done
Improve UI responsiveness,High,Jessica Garcia,2025-04-25T22:45:07,2025-05-13T22:45:07,In Progress
Fix bugs in module,High,Kimberly Davis,2025-05-05T02:39:18,2025-05-15T02:39:18,Done
Fix bugs in module,Medium,Tammy Hines,2025-04-20T13:51:29,2025-04-23T13:51:29,To Do
Refactor legacy code,Medium,Erica Scott,2025-04-23T01:56:10,2025-05-06T01:56:10,To Do
Fix bugs in module,Low,Christopher Wells,2025-04-23T16:53:11,2025-05-08T16:53:11,Done
Write documentation,High,David Simmons,2025-04-29T16:17:57,2025-05-11T16:17:57,In Progress
Improve UI responsiveness,High,David Parsons,2025-05-03T14:20:43,2025-05-04T14:20:43,In Progress
Write documentation,High,Brittany Yu,2025-04-21T12:54:59,2025-04-23T12:54:59,To Do
Write documentation,Medium,Audrey Williamson,2025-04-19T12:00:03,2025-05-06T12:00:03,Done
Test how functions behave,Low,David Parsons,2025-05-14T11:50:20,2025-05-15T11:50:20,Done
Fix bugs in module,Low,Larry Parker,2025-04-24T14:56:20,2025-05-24T14:56:20,In Progress
Fix bugs in module,Low,Craig Jensen,2025-05-05T13:50:22,2025-05-26T13:50:22,In Progress
Fix bugs in module,Low,Larry Parker,2025-05-05T12:53:53,2025-05-22T12:53:53,To Do
Add analytics tracking,Medium,David Simmons,2025-05-08T07:40:00,2025-06-07T07:40:00,In Progress
Test how functions behave,Low,Jonathan Acosta,2025-05-14T16:34:06,2025-06-02T16:34:06,In Progress
Optimize performance,Low,Tammy Hines,2025-05-12T13:16:38,2025-05-31T13:16:38,To Do
Write documentation,Medium,Teresa Waters,2025-05-01T13:38:09,2025-05-16T13:38:09,To Do
Implement new feature,Medium,Phillip Campbell,2025-04-22T18:36:09,2025-05-13T18:36:09,In Progress
Fix bugs in module,Medium,Danielle Richards,2025-05-12T21:34:57,2025-06-09T21:34:57,Done
Write documentation,Medium,Larry Parker,2025-05-10T07:21:17,2025-05-15T07:21:17,In Progress
Implement new feature,Low,Nancy Barrett,2025-04-19T15:40:35,2025-05-06T15:40:35,In Progress
Test how functions behave,Medium,Ronnie Hampton,2025-04-28T17:46:57,2025-05-11T17:46:57,To Do
Test how functions behave,Low,Emily Williams,2025-04-21T05:21:29,2025-05-17T05:21:29,Done
Implement new feature,Medium,Tonya Johnson,2025-04-18T12:48:02,2025-05-17T12:48:02,Done
Implement new feature,High,Christina Herman,2025-05-13T03:48:56,2025-05-30T03:48:56,Done
Write documentation,Low,David Simmons,2025-05-02T02:24:50,2025-06-01T02:24:50,To Do
Write documentation,High,Oscar Vaughn,2025-04-15T21:55:26,2025-05-15T21:55:26,In Progress
Test how functions behave,Low,William Harris,2025-04-17T15:20:38,2025-04-26T15:20:38,To Do
Optimize performance,High,Mason Leonard,2025-04-20T08:45:15,2025-05-20T08:45:15,To Do
Refactor legacy code,High,Emily Williams,2025-05-05T21:00:03,2025-05-13T21:00:03,To Do
Implement new feature,Low,Dr. Erika Gray,2025-05-03T03:35:46,2025-05-07T03:35:46,To Do
Implement new feature,Low,Nicole Tate,2025-05-14T17:22:55,2025-06-03T17:22:55,Done
Implement new feature,High,Teresa Waters,2025-05-07T09:22:33,2025-05-21T09:22:33,In Progress
Write documentation,Low,Jessica Guerrero,2025-04-26T08:30:54,2025-05-25T08:30:54,In Progress
Fix bugs in module,High,Teresa Waters,2025-05-13T04:21:24,2025-05-29T04:21:24,To Do
Optimize performance,High,Mr. Michael Mata,2025-04-27T18:44:40,2025-05-15T18:44:40,Done
Add analytics tracking,Low,Felicia Harris,2025-04-16T16:46:13,2025-04-23T16:46:13,In Progress
Implement new feature,High,Heather Gould,2025-04-17T00:34:38,2025-04-20T00:34:38,To Do
Optimize performance,High,Brian Thomas,2025-05-09T17:19:08,2025-06-04T17:19:08,In Progress
Test how functions behave,Low,Teresa Waters,2025-05-14T05:04:02,2025-05-29T05:04:02,To Do
Refactor legacy code,Low,Brian Thomas,2025-04-17T00:38:50,2025-04-21T00:38:50,Done
Add analytics tracking,Low,Jonathan Acosta,2025-05-15T03:54:34,2025-05-18T03:54:34,In Progress
Implement new feature,High,Christopher Wells,2025-04-26T02:43:47,2025-05-23T02:43:47,To Do
Optimize performance,Low,Amy Gillespie,2025-05-14T14:38:51,2025-05-21T14:38:51,Done
Refactor legacy code,Medium,Dr. Erika Gray,2025-04-16T07:09:43,2025-05-04T07:09:43,Done
Optimize performance,Low,Heather Gould,2025-04-19T23:23:33,2025-04-21T23:23:33,In Progress
Test how functions behave,Medium,Tammy Hines,2025-04-30T02:00:49,2025-05-14T02:00:49,To Do
Add analytics tracking,Low,Oscar Vaughn,2025-05-04T17:14:52,2025-06-01T17:14:52,In Progress
Improve UI responsiveness,Low,Oscar Vaughn,2025-04-17T02:31:35,2025-04-29T02:31:35,To Do
Test how functions behave,Low,Jessica Guerrero,2025-04-22T15:50:33,2025-05-01T15:50:33,To Do
Refactor legacy code,Low,Jessica Guerrero,2025-05-13T22:58:14,2025-06-03T22:58:14,Done
Fix bugs in module,High,Mason Leonard,2025-05-09T07:02:19,2025-05-15T07:02:19,Done
Write documentation,Low,Emily Williams,2025-04-21T00:37:24,2025-05-07T00:37:24,To Do
Test how functions behave,Medium,Antonio Sanders,2025-04-21T14:14:23,2025-04-28T14:14:23,To Do
Improve UI responsiveness,Medium,Ronnie Hampton,2025-04-24T16:12:21,2025-05-23T16:12:21,To Do
Fix bugs in module,Medium,Amy Gillespie,2025-05-09T00:49:38,2025-05-16T00:49:38,Done
Implement new feature,Low,Audrey Williamson,2025-05-03T15:26:26,2025-06-01T15:26:26,Done
Write documentation,High,Jessica Guerrero,2025-05-10T23:39:21,2025-06-05T23:39:21,Done
Test how functions behave,Low,Jeremy White,2025-04-21T17:04:21,2025-05-17T17:04:21,In Progress
Implement new feature,Medium,Mary Russell,2025-05-03T17:19:27,2025-05-17T17:19:27,Done
Optimize performance,Medium,Holly Klein,2025-04-19T01:03:10,2025-05-03T01:03:10,In Progress
Fix bugs in module,Medium,Casey Hatfield,2025-04-21T11:43:53,2025-05-05T11:43:53,In Progress
Write documentation,Medium,Nicole Tate,2025-05-04T20:34:24,2025-05-07T20:34:24,Done
Refactor legacy code,Medium,Heather Gould,2025-04-29T22:26:10,2025-05-27T22:26:10,In Progress
Optimize performance,Medium,Carlos Garner,2025-04-17T11:43:42,2025-05-03T11:43:42,To Do
Implement new feature,Medium,William Harris,2025-04-25T01:07:04,2025-05-14T01:07:04,In Progress
Write documentation,High,Jeremy White,2025-04-24T17:29:10,2025-05-12T17:29:10,To Do
Optimize performance,Low,Sheri Tucker,2025-04-22T13:38:31,2025-05-20T13:38:31,To Do
Refactor legacy code,Medium,Holly Klein,2025-05-01T17:04:46,2025-05-28T17:04:46,To Do
Fix bugs in module,High,Jessica Guerrero,2025-04-19T19:10:35,2025-05-04T19:10:35,In Progress
Test how functions behave,High,Christopher Wells,2025-04-28T09:12:38,2025-05-02T09:12:38,To Do
Test how functions behave,High,Kimberly Davis,2025-04-20T12:10:39,2025-05-16T12:10:39,In Progress
Refactor legacy code,Medium,Jesus Hall,2025-04-18T17:51:46,2025-04-28T17:51:46,In Progress
Add analytics tracking,Medium,William Harris,2025-05-13T16:01:03,2025-05-17T16:01:03,In Progress
Add analytics tracking,Low,Eugene Bullock DDS,2025-04-28T08:35:33,2025-05-02T08:35:33,To Do
Test how functions behave,Low,Holly Klein,2025-04-19T05:14:44,2025-05-05T05:14:44,In Progress
Add analytics tracking,High,Casey Hatfield,2025-04-30T21:17:24,2025-05-28T21:17:24,Done
Refactor legacy code,High,Mary Russell,2025-05-07T09:47:35,2025-05-21T09:47:35,Done
Refactor legacy code,Medium,Brittany Yu,2025-04-21T22:41:41,2025-05-18T22:41:41,In Progress
Fix bugs in module,Low,Felicia Harris,2025-05-10T16:06:31,2025-05-29T16:06:31,To Do
Write documentation,High,Christopher Wells,2025-04-22T00:04:10,2025-05-05T00:04:10,To Do
Refactor legacy code,Low,John Edwards,2025-05-05T05:28:07,2025-05-17T05:28:07,To Do
Fix bugs in module,High,Danielle Richards,2025-04-20T01:38:26,2025-04-22T01:38:26,To Do
Refactor legacy code,High,Audrey Williamson,2025-05-13T09:10:43,2025-06-10T09:10:43,In Progress
Implement new feature,High,Jessica Guerrero,2025-04-17T10:09:01,2025-05-08T10:09:01,To Do
Write documentation,High,David Simmons,2025-05-10T04:11:00,2025-05-30T04:11:00,To Do
Add analytics tracking,Medium,Casey Hatfield,2025-05-08T13:01:05,2025-05-09T13:01:05,To Do
Write documentation,High,Casey Hatfield,2025-04-29T03:44:41,2025-05-03T03:44:41,In Progress
Optimize performance,Medium,Jessica Garcia,2025-05-09T09:20:04,2025-05-13T09:20:04,To Do
Implement new feature,Medium,Danielle Richards,2025-04-26T20:37:38,2025-05-08T20:37:38,Done
Fix bugs in module,Medium,Kimberly Davis,2025-04-17T10:21:02,2025-04-22T10:21:02,In Progress
Improve UI responsiveness,Low,Dr. Erika Gray,2025-04-20T15:43:13,2025-05-13T15:43:13,Done
Improve UI responsiveness,High,Nicole Tate,2025-04-22T04:05:16,2025-05-08T04:05:16,In Progress
Implement new feature,Medium,Emily Williams,2025-05-11T11:05:47,2025-06-01T11:05:47,Done
Fix bugs in module,High,David Simmons,2025-05-02T16:46:25,2025-05-08T16:46:25,Done
Fix bugs in module,Low,Emily Williams,2025-05-11T21:18:01,2025-05-26T21:18:01,Done
Write documentation,High,Judith Burns,2025-04-28T17:54:25,2025-05-24T17:54:25,In Progress
Optimize performance,High,Christopher Wells,2025-04-30T10:47:32,2025-05-08T10:47:32,In Progress
Optimize performance,High,Jonathan Acosta,2025-04-18T02:34:14,2025-05-02T02:34:14,Done
Optimize performance,High,Teresa Waters,2025-05-09T14:29:16,2025-05-11T14:29:16,To Do
Add analytics tracking,High,Emily Williams,2025-05-03T03:57:08,2025-06-02T03:57:08,Done
Write documentation,Medium,Susan Watson,2025-05-15T12:26:06,2025-05-26T12:26:06,In Progress
Implement new feature,Medium,Oscar Vaughn,2025-04-25T06:50:09,2025-05-10T06:50:09,To Do
Improve UI responsiveness,Medium,Daniel Nguyen,2025-04-27T04:42:19,2025-05-16T04:42:19,In Progress
Test how functions behave,High,Oscar Vaughn,2025-04-17T14:24:13,2025-04-26T14:24:13,In Progress
Add analytics tracking,Low,Holly Klein,2025-04-17T03:46:16,2025-05-13T03:46:16,Done
Optimize performance,Medium,Phillip Campbell,2025-04-20T05:20:53,2025-04-25T05:20:53,Done
Improve UI responsiveness,High,Eugene Bullock DDS,2025-04-25T17:27:24,2025-05-23T17:27:24,In Progress
Write documentation,Medium,Oscar Vaughn,2025-05-13T08:36:02,2025-05-31T08:36:02,Done
Implement new feature,Medium,Jessica Guerrero,2025-04-26T13:01:46,2025-05-16T13:01:46,Done
Fix bugs in module,Medium,Carlos Garner,2025-04-20T04:39:59,2025-05-01T04:39:59,Done
Improve UI responsiveness,Medium,David Simmons,2025-04-23T09:26:46,2025-04-25T09:26:46,To Do
Optimize performance,Low,Antonio Sanders,2025-04-18T13:01:34,2025-05-06T13:01:34,Done
Test how functions behave,High,Jessica Garcia,2025-05-05T20:52:54,2025-05-25T20:52:54,To Do
Optimize performance,Medium,Carlos Garner,2025-05-01T06:39:26,2025-05-20T06:39:26,To Do
Test how functions behave,High,Phillip Campbell,2025-04-20T23:20:53,2025-05-14T23:20:53,To Do
Optimize performance,Medium,David Simmons,2025-04-27T15:44:12,2025-05-26T15:44:12,To Do
Optimize performance,Medium,Christopher Wells,2025-05-05T13:01:52,2025-06-03T13:01:52,Done
Improve UI responsiveness,Medium,Jessica Garcia,2025-05-08T06:34:21,2025-05-18T06:34:21,To Do
Test how functions behave,Low,Jessica Guerrero,2025-04-21T17:28:37,2025-05-10T17:28:37,Done
Optimize performance,Low,David Parsons,2025-04-27T22:28:37,2025-05-01T22:28:37,Done
Add analytics tracking,High,Audrey Williamson,2025-04-22T08:38:37,2025-04-23T08:38:37,Done
Test how functions behave,Low,Nicole Tate,2025-05-14T15:25:56,2025-06-09T15:25:56,In Progress
Add analytics tracking,High,Ronnie Hampton,2025-05-13T13:24:36,2025-05-20T13:24:36,Done
Test how functions behave,High,Amy Gillespie,2025-05-01T14:03:01,2025-05-29T14:03:01,In Progress
Add analytics tracking,High,Jane Holt,2025-05-06T15:41:10,2025-05-10T15:41:10,In Progress
Write documentation,Medium,Carlos Garner,2025-05-01T03:04:26,2025-05-22T03:04:26,To Do
Optimize performance,High,Danielle Richards,2025-04-25T23:38:57,2025-05-08T23:38:57,Done
Implement new feature,High,Christopher Armstrong,2025-04-25T18:50:10,2025-05-18T18:50:10,Done
Optimize performance,Low,Ronnie Hampton,2025-05-13T13:13:43,2025-05-19T13:13:43,In Progress
Write documentation,Low,Carlos Garner,2025-05-12T03:46:57,2025-06-04T03:46:57,To Do
Implement new feature,Low,Holly Klein,2025-04-17T21:19:01,2025-04-24T21:19:01,To Do
Refactor legacy code,Medium,Mr. Michael Mata,2025-05-09T21:58:46,2025-05-28T21:58:46,To Do
Fix bugs in module,Medium,Amy Gillespie,2025-05-12T10:41:24,2025-06-10T10:41:24,To Do
Fix bugs in module,Medium,David Parsons,2025-05-09T23:25:46,2025-05-21T23:25:46,Done
Implement new feature,Medium,Dr. Erika Gray,2025-05-02T13:58:17,2025-05-16T13:58:17,To Do
Improve UI responsiveness,Medium,Jane Holt,2025-05-10T00:57:18,2025-05-14T00:57:18,To Do
Implement new feature,Medium,Larry Parker,2025-04-16T20:22:00,2025-05-05T20:22:00,Done
Write documentation,High,Jeremy White,2025-05-02T15:15:12,2025-05-20T15:15:12,To Do
Optimize performance,Low,Brian Thomas,2025-05-03T07:26:34,2025-05-15T07:26:34,Done
Optimize performance,Medium,Jeremy White,2025-04-25T17:09:40,2025-05-19T17:09:40,Done
Fix bugs in module,Low,David Simmons,2025-04-17T23:59:04,2025-05-11T23:59:04,To Do
Implement new feature,Medium,Danielle Richards,2025-05-11T17:37:58,2025-06-10T17:37:58,Done
Test how functions behave,Medium,Brittany Yu,2025-04-26T09:48:45,2025-05-18T09:48:45,To Do
Fix bugs in module,Medium,David Simmons,2025-05-15T10:05:18,2025-06-04T10:05:18,In Progress
Improve UI responsiveness,Medium,Christopher Armstrong,2025-05-03T09:53:50,2025-05-17T09:53:50,To Do
Implement new feature,Low,Judith Burns,2025-05-04T22:43:35,2025-05-15T22:43:35,To Do
Test how functions behave,Low,Holly Klein,2025-05-07T13:48:33,2025-05-25T13:48:33,To Do
Test how functions behave,Low,Jesus Hall,2025-05-13T18:59:09,2025-05-18T18:59:09,In Progress
Write documentation,High,Eugene Bullock DDS,2025-04-16T18:31:38,2025-04-17T18:31:38,In Progress
Improve UI responsiveness,High,Jessica Guerrero,2025-04-20T23:47:11,2025-05-15T23:47:11,To Do
Add analytics tracking,High,Ronnie Hampton,2025-04-23T19:40:51,2025-05-17T19:40:51,Done
Test how functions behave,Low,Amy Gillespie,2025-05-14T12:46:22,2025-06-10T12:46:22,Done
Add analytics tracking,Low,Ronnie Hampton,2025-04-18T01:33:31,2025-04-22T01:33:31,To Do
Fix bugs in module,Medium,Danielle Richards,2025-04-22T20:35:27,2025-04-23T20:35:27,In Progress
Test how functions behave,Low,Craig Jensen,2025-04-16T13:02:25,2025-05-05T13:02:25,To Do
Optimize performance,High,Mr. Michael Mata,2025-05-11T13:41:28,2025-06-06T13:41:28,In Progress
Test how functions behave,Low,Teresa Waters,2025-04-25T08:49:57,2025-05-07T08:49:57,In Progress
Fix bugs in module,Low,Jeremy White,2025-05-03T16:10:11,2025-05-07T16:10:11,In Progress
Test how functions behave,Medium,Susan Watson,2025-04-30T06:35:50,2025-05-02T06:35:50,In Progress
Optimize performance,Low,Jennifer Downs,2025-05-03T01:16:30,2025-05-19T01:16:30,To Do
Optimize performance,Low,Emily Williams,2025-04-23T17:12:00,2025-05-06T17:12:00,In Progress
Write documentation,Low,Mason Leonard,2025-04-26T10:19:21,2025-05-21T10:19:21,Done
Optimize performance,Medium,Nancy Barrett,2025-04-28T05:58:23,2025-05-11T05:58:23,Done
Add analytics tracking,High,William Harris,2025-05-10T22:38:04,2025-05-11T22:38:04,In Progress
Optimize performance,High,Jeremy White,2025-04-26T13:08:08,2025-05-10T13:08:08,To Do
Test how functions behave,Low,Amy Gillespie,2025-05-15T06:20:28,2025-05-21T06:20:28,Done
Optimize performance,High,Eugene Bullock DDS,2025-04-17T20:54:52,2025-04-26T20:54:52,To Do
Fix bugs in module,Medium,Kimberly Davis,2025-04-24T16:33:43,2025-05-01T16:33:43,In Progress
Fix bugs in module,Low,Teresa Waters,2025-04-23T11:01:57,2025-04-30T11:01:57,Done
Refactor legacy code,Low,Phillip Campbell,2025-04-20T11:37:29,2025-05-11T11:37:29,In Progress
Refactor legacy code,Medium,Larry Parker,2025-04-25T20:55:11,2025-05-07T20:55:11,To Do
Write documentation,High,Nicole Tate,2025-05-06T03:15:17,2025-05-27T03:15:17,Done
Fix bugs in module,Medium,Larry Parker,2025-04-26T17:26:04,2025-05-18T17:26:04,Done
Refactor legacy code,Medium,Angela Johnson,2025-05-07T11:20:05,2025-05-11T11:20:05,To Do
Implement new feature,Low,Jesus Hall,2025-05-04T15:23:15,2025-05-10T15:23:15,Done
Write documentation,Low,Christopher Wells,2025-05-06T18:01:55,2025-05-31T18:01:55,In Progress
Add analytics tracking,Low,Phillip Campbell,2025-05-01T03:58:36,2025-05-02T03:58:36,To Do
Fix bugs in module,High,Christopher Wells,2025-04-29T18:21:58,2025-05-23T18:21:58,Done
Refactor legacy code,Medium,Jonathan Acosta,2025-05-13T03:18:14,2025-05-27T03:18:14,To Do
Improve UI responsiveness,High,John Edwards,2025-04-28T04:47:22,2025-05-27T04:47:22,Done
Implement new feature,High,Erica Scott,2025-05-08T17:55:12,2025-06-03T17:55:12,In Progress
Implement new feature,High,Craig Jensen,2025-05-12T01:27:24,2025-05-15T01:27:24,To Do
Test how functions behave,High,Tonya Johnson,2025-05-07T05:31:45,2025-05-15T05:31:45,In Progress
Add analytics tracking,Low,Christina Herman,2025-05-11T20:08:04,2025-06-01T20:08:04,Done
Optimize performance,Low,Ronnie Hampton,2025-04-30T20:38:10,2025-05-15T20:38:10,To Do
Write documentation,Medium,William Harris,2025-05-04T13:04:46,2025-05-22T13:04:46,To Do
Optimize performance,High,Carlos Garner,2025-04-25T05:09:17,2025-05-23T05:09:17,To Do
Refactor legacy code,Medium,Audrey Williamson,2025-04-20T20:13:43,2025-05-15T20:13:43,To Do
Test how functions behave,Low,Danielle Richards,2025-05-08T04:07:10,2025-05-13T04:07:10,In Progress
Add analytics tracking,Low,David Simmons,2025-04-21T03:21:56,2025-05-03T03:21:56,Done
Add analytics tracking,Low,Jonathan Acosta,2025-05-05T17:23:56,2025-05-30T17:23:56,To Do
Fix bugs in module,Low,Eugene Bullock DDS,2025-04-24T01:12:32,2025-05-17T01:12:32,To Do
Fix bugs in module,Medium,Mary Russell,2025-05-14T20:08:04,2025-06-02T20:08:04,Done
Fix bugs in module,High,David Parsons,2025-05-13T19:31:30,2025-05-19T19:31:30,To Do
Write documentation,Low,Brian Thomas,2025-04-25T08:33:02,2025-05-06T08:33:02,To Do
Implement new feature,High,Brian Thomas,2025-05-03T03:12:21,2025-05-04T03:12:21,Done
Implement new feature,Medium,Sheri Tucker,2025-04-19T22:21:17,2025-04-26T22:21:17,In Progress
Add analytics tracking,Low,Ryan Walton,2025-05-14T12:00:45,2025-05-21T12:00:45,Done
Implement new feature,Low,Teresa Waters,2025-04-24T18:04:51,2025-05-19T18:04:51,In Progress
Write documentation,Medium,Antonio Sanders,2025-04-20T05:31:31,2025-04-26T05:31:31,Done
Optimize performance,Medium,Teresa Waters,2025-04-23T06:10:52,2025-04-30T06:10:52,In Progress
Implement new feature,Low,David Simmons,2025-05-08T09:58:56,2025-06-06T09:58:56,To Do
Refactor legacy code,Medium,Dr. Erika Gray,2025-04-29T08:48:35,2025-05-07T08:48:35,To Do
Implement new feature,Medium,Danielle Richards,2025-04-28T02:21:06,2025-05-10T02:21:06,In Progress
Add analytics tracking,Medium,John Edwards,2025-04-17T17:18:39,2025-05-10T17:18:39,To Do
Improve UI responsiveness,Low,Kelly Jones,2025-04-17T03:05:43,2025-05-07T03:05:43,To Do
Refactor legacy code,Low,Teresa Waters,2025-04-20T14:19:49,2025-05-11T14:19:49,To Do
Implement new feature,High,Craig Jensen,2025-04-18T19:55:56,2025-04-24T19:55:56,In Progress
Improve UI responsiveness,High,Jessica Garcia,2025-04-25T13:34:53,2025-05-03T13:34:53,In Progress
Implement new feature,Medium,Holly Klein,2025-05-04T08:06:24,2025-05-09T08:06:24,In Progress
Test how functions behave,High,Mason Leonard,2025-04-20T13:05:50,2025-05-14T13:05:50,Done
Add analytics tracking,Low,Ryan Walton,2025-05-15T04:38:24,2025-05-16T04:38:24,To Do
Refactor legacy code,Medium,Jennifer Downs,2025-05-07T07:44:40,2025-05-09T07:44:40,To Do
Add analytics tracking,High,Brittany Yu,2025-05-08T23:37:59,2025-05-29T23:37:59,In Progress
Write documentation,Low,Oscar Vaughn,2025-05-12T13:45:19,2025-06-06T13:45:19,In Progress
Test how functions behave,Low,Jennifer Downs,2025-05-15T04:08:54,2025-05-29T04:08:54,To Do
Improve UI responsiveness,Low,Teresa Waters,2025-04-27T01:02:18,2025-05-01T01:02:18,To Do
Fix bugs in module,Low,Nicole Tate,2025-05-14T08:30:10,2025-05-19T08:30:10,To Do
Improve UI responsiveness,High,Ronnie Hampton,2025-04-30T08:47:23,2025-05-06T08:47:23,To Do
Refactor legacy code,High,Tonya Johnson,2025-04-22T23:47:03,2025-05-09T23:47:03,Done
Fix bugs in module,Medium,Tonya Johnson,2025-05-05T10:29:04,2025-05-08T10:29:04,In Progress
Refactor legacy code,Medium,Craig Jensen,2025-04-15T20:51:17,2025-05-12T20:51:17,Done
Test how functions behave,Medium,Tammy Hines,2025-05-13T09:10:16,2025-06-02T09:10:16,Done
Improve UI responsiveness,Medium,Holly Klein,2025-05-12T01:10:48,2025-05-14T01:10:48,In Progress
Write documentation,Low,Felicia Harris,2025-05-12T17:47:54,2025-06-11T17:47:54,To Do
Test how functions behave,High,Jessica Garcia,2025-04-29T20:32:14,2025-05-05T20:32:14,In Progress
Add analytics tracking,High,Amy Gillespie,2025-04-25T03:21:12,2025-05-09T03:21:12,In Progress
Test how functions behave,Medium,Antonio Sanders,2025-05-08T18:17:01,2025-05-09T18:17:01,Done
Optimize performance,High,Erica Scott,2025-04-23T08:26:58,2025-05-10T08:26:58,Done
Add analytics tracking,Medium,Brittany Yu,2025-05-08T16:32:01,2025-06-06T16:32:01,To Do
Improve UI responsiveness,Low,Jessica Guerrero,2025-04-19T03:21:06,2025-05-12T03:21:06,To Do
Implement new feature,High,Craig Jensen,2025-04-18T12:29:04,2025-05-04T12:29:04,Done
Refactor legacy code,High,Phillip Campbell,2025-04-19T02:35:29,2025-04-28T02:35:29,Done
Fix bugs in module,Medium,Jeremy White,2025-04-30T05:55:00,2025-05-03T05:55:00,In Progress
Implement new feature,High,Brittany Yu,2025-04-24T08:43:11,2025-05-05T08:43:11,Done
Fix bugs in module,Medium,Heather Gould,2025-04-26T01:42:45,2025-05-21T01:42:45,To Do
Refactor legacy code,Low,Mr. Michael Mata,2025-04-28T11:53:02,2025-05-13T11:53:02,To Do
Refactor legacy code,High,Angela Johnson,2025-04-19T15:22:53,2025-04-20T15:22:53,To Do
Test how functions behave,Medium,Emily Williams,2025-05-08T04:51:59,2025-05-14T04:51:59,Done
Improve UI responsiveness,Low,Erica Scott,2025-05-06T08:04:58,2025-05-10T08:04:58,Done
Test how functions behave,Low,Larry Parker,2025-04-19T22:25:59,2025-05-09T22:25:59,Done
Optimize performance,Low,Tammy Hines,2025-04-20T07:46:11,2025-05-08T07:46:11,In Progress
Add analytics tracking,Medium,Daniel Nguyen,2025-04-17T01:18:06,2025-05-03T01:18:06,Done
Improve UI responsiveness,Low,Emily Williams,2025-05-10T11:19:58,2025-05-28T11:19:58,Done
Write documentation,High,Mason Leonard,2025-05-03T13:52:15,2025-05-08T13:52:15,To Do
Write documentation,Low,Susan Watson,2025-04-21T14:43:46,2025-05-08T14:43:46,Done
Write documentation,Low,Ryan Walton,2025-04-23T07:35:51,2025-05-23T07:35:51,Done
Test how functions behave,Low,Danielle Richards,2025-04-24T18:44:21,2025-05-20T18:44:21,Done
Implement new feature,Medium,Mr. Michael Mata,2025-04-30T09:28:54,2025-05-11T09:28:54,In Progress
Improve UI responsiveness,High,Brittany Yu,2025-04-25T09:07:54,2025-05-08T09:07:54,In Progress
Implement new feature,High,Kimberly Davis,2025-04-17T09:47:14,2025-04-29T09:47:14,Done
Add analytics tracking,High,Judith Burns,2025-04-17T15:30:32,2025-05-12T15:30:32,To Do
Optimize performance,Low,Christina Herman,2025-05-11T22:01:04,2025-05-17T22:01:04,Done
Improve UI responsiveness,High,Felicia Harris,2025-04-23T07:00:45,2025-04-27T07:00:45,Done
Improve UI responsiveness,High,Christopher Armstrong,2025-04-23T07:39:43,2025-05-08T07:39:43,To Do
Write documentation,Medium,Danielle Richards,2025-04-28T07:47:28,2025-05-15T07:47:28,In Progress
Refactor legacy code,Low,Mason Leonard,2025-05-08T05:10:45,2025-05-13T05:10:45,In Progress
Implement new feature,Medium,Carlos Garner,2025-04-29T16:07:36,2025-05-14T16:07:36,To Do
Test how functions behave,Medium,Teresa Waters,2025-04-24T15:12:54,2025-05-12T15:12:54,To Do
Add analytics tracking,High,Heather Gould,2025-05-12T07:04:34,2025-05-16T07:04:34,In Progress
Add analytics tracking,Low,Jane Holt,2025-04-29T20:30:18,2025-05-23T20:30:18,In Progress
Test how functions behave,High,Tonya Johnson,2025-04-18T22:09:47,2025-04-20T22:09:47,Done
Refactor legacy code,Medium,Judith Burns,2025-04-24T04:16:34,2025-05-05T04:16:34,Done
Write documentation,Low,Christopher Wells,2025-04-28T23:21:23,2025-05-11T23:21:23,Done
Test how functions behave,High,John Edwards,2025-04-26T08:18:01,2025-05-03T08:18:01,To Do
Improve UI responsiveness,Low,Craig Jensen,2025-05-09T22:15:33,2025-05-18T22:15:33,To Do
Refactor legacy code,Low,Heather Gould,2025-04-23T18:29:31,2025-05-16T18:29:31,Done
Test how functions behave,High,Judith Burns,2025-05-02T18:34:14,2025-05-24T18:34:14,Done
Implement new feature,High,Jennifer Downs,2025-04-15T22:13:53,2025-05-08T22:13:53,Done
Add analytics tracking,Medium,Larry Parker,2025-05-13T02:59:58,2025-05-15T02:59:58,In Progress
Implement new feature,High,Craig Jensen,2025-05-15T17:21:42,2025-05-24T17:21:42,Done
Write documentation,High,Brittany Yu,2025-05-15T17:04:01,2025-05-26T17:04:01,Done
Add analytics tracking,High,Audrey Williamson,2025-04-20T03:34:07,2025-05-07T03:34:07,Done
Refactor legacy code,Medium,Sheri Tucker,2025-05-12T00:39:32,2025-05-29T00:39:32,To Do
Refactor legacy code,High,Erica Scott,2025-04-20T05:56:31,2025-05-12T05:56:31,Done
Add analytics tracking,Low,Jesus Hall,2025-04-21T10:24:56,2025-05-19T10:24:56,Done
Refactor legacy code,Medium,Erica Scott,2025-05-15T15:42:53,2025-05-20T15:42:53,In Progress
Write documentation,High,William Harris,2025-04-30T00:59:34,2025-05-15T00:59:34,In Progress
Test how functions behave,Medium,Eugene Bullock DDS,2025-04-21T04:19:13,2025-05-20T04:19:13,To Do
Improve UI responsiveness,High,Eugene Bullock DDS,2025-04-16T10:14:26,2025-05-01T10:14:26,Done
Add analytics tracking,Medium,Kelly Jones,2025-05-09T09:11:11,2025-05-17T09:11:11,Done
Fix bugs in module,High,Angela Johnson,2025-04-17T03:26:47,2025-05-15T03:26:47,To Do
Optimize performance,High,Jonathan Acosta,2025-05-05T09:33:16,2025-05-24T09:33:16,Done
Write documentation,Medium,Christina Herman,2025-05-06T17:57:22,2025-05-12T17:57:22,Done
Add analytics tracking,Low,Christina Herman,2025-04-16T01:57:09,2025-05-10T01:57:09,In Progress
